pair_id,search_path,reference_gds_path,search_gds_path,reference_sem_path,params_json_path
p0000,search\p0000.png,reference\p0000.gds,reference\p0000.gds,reference_sem\p0000.png,params\p0000.json
p0001,search\p0001.png,reference\p0001.gds,reference\p0001.gds,reference_sem\p0001.png,params\p0001.json
p0002,search\p0002.png,reference\p0002.gds,reference\p0002.gds,reference_sem\p0002.png,params\p0002.json
p0003,search\p0003.png,reference\p0003.gds,reference\p0003.gds,reference_sem\p0003.png,params\p0003.json
p0004,search\p0004.png,reference\p0004.gds,reference\p0004.gds,reference_sem\p0004.png,params\p0004.json
p0005,search\p0005.png,reference\p0005.gds,reference\p0005.gds,reference_sem\p0005.png,params\p0005.json
p0006,search\p0006.png,reference\p0006.gds,reference\p0006.gds,reference_sem\p0006.png,params\p0006.json
p0007,search\p0007.png,reference\p0007.gds,reference\p0007.gds,reference_sem\p0007.png,params\p0007.json
p0008,search\p0008.png,reference\p0008.gds,reference\p0008.gds,reference_sem\p0008.png,params\p0008.json
p0009,search\p0009.png,reference\p0009.gds,reference\p0009.gds,reference_sem\p0009.png,params\p0009.json
p0010,search\p0010.png,reference\p0010.gds,reference\p0010.gds,reference_sem\p0010.png,params\p0010.json
p0011,search\p0011.png,reference\p0011.gds,reference\p0011.gds,reference_sem\p0011.png,params\p0011.json
p0012,search\p0012.png,reference\p0012.gds,reference\p0012.gds,reference_sem\p0012.png,params\p0012.json
p0013,search\p0013.png,reference\p0013.gds,reference\p0013.gds,reference_sem\p0013.png,params\p0013.json
p0014,search\p0014.png,reference\p0014.gds,reference\p0014.gds,reference_sem\p0014.png,params\p0014.json
p0015,search\p0015.png,reference\p0015.gds,reference\p0015.gds,reference_sem\p0015.png,params\p0015.json
p0016,search\p0016.png,reference\p0016.gds,reference\p0016.gds,reference_sem\p0016.png,params\p0016.json
p0017,search\p0017.png,reference\p0017.gds,reference\p0017.gds,reference_sem\p0017.png,params\p0017.json
p0018,search\p0018.png,reference\p0018.gds,reference\p0018.gds,reference_sem\p0018.png,params\p0018.json
p0019,search\p0019.png,reference\p0019.gds,reference\p0019.gds,reference_sem\p0019.png,params\p0019.json
p0020,search\p0020.png,reference\p0020.gds,reference\p0020.gds,reference_sem\p0020.png,params\p0020.json
p0021,search\p0021.png,reference\p0021.gds,reference\p0021.gds,reference_sem\p0021.png,params\p0021.json
p0022,search\p0022.png,reference\p0022.gds,reference\p0022.gds,reference_sem\p0022.png,params\p0022.json
p0023,search\p0023.png,reference\p0023.gds,reference\p0023.gds,reference_sem\p0023.png,params\p0023.json
p0024,search\p0024.png,reference\p0024.gds,reference\p0024.gds,reference_sem\p0024.png,params\p0024.json
p0025,search\p0025.png,reference\p0025.gds,reference\p0025.gds,reference_sem\p0025.png,params\p0025.json
p0026,search\p0026.png,reference\p0026.gds,reference\p0026.gds,reference_sem\p0026.png,params\p0026.json
p0027,search\p0027.png,reference\p0027.gds,reference\p0027.gds,reference_sem\p0027.png,params\p0027.json
p0028,search\p0028.png,reference\p0028.gds,reference\p0028.gds,reference_sem\p0028.png,params\p0028.json
p0029,search\p0029.png,reference\p0029.gds,reference\p0029.gds,reference_sem\p0029.png,params\p0029.json
p0030,search\p0030.png,reference\p0030.gds,reference\p0030.gds,reference_sem\p0030.png,params\p0030.json
p0031,search\p0031.png,reference\p0031.gds,reference\p0031.gds,reference_sem\p0031.png,params\p0031.json
p0032,search\p0032.png,reference\p0032.gds,reference\p0032.gds,reference_sem\p0032.png,params\p0032.json
p0033,search\p0033.png,reference\p0033.gds,reference\p0033.gds,reference_sem\p0033.png,params\p0033.json
p0034,search\p0034.png,reference\p0034.gds,reference\p0034.gds,reference_sem\p0034.png,params\p0034.json
p0035,search\p0035.png,reference\p0035.gds,reference\p0035.gds,reference_sem\p0035.png,params\p0035.json
p0036,search\p0036.png,reference\p0036.gds,reference\p0036.gds,reference_sem\p0036.png,params\p0036.json
p0037,search\p0037.png,reference\p0037.gds,reference\p0037.gds,reference_sem\p0037.png,params\p0037.json
p0038,search\p0038.png,reference\p0038.gds,reference\p0038.gds,reference_sem\p0038.png,params\p0038.json
p0039,search\p0039.png,reference\p0039.gds,reference\p0039.gds,reference_sem\p0039.png,params\p0039.json
p0040,search\p0040.png,reference\p0040.gds,reference\p0040.gds,reference_sem\p0040.png,params\p0040.json
p0041,search\p0041.png,reference\p0041.gds,reference\p0041.gds,reference_sem\p0041.png,params\p0041.json
p0042,search\p0042.png,reference\p0042.gds,reference\p0042.gds,reference_sem\p0042.png,params\p0042.json
p0043,search\p0043.png,reference\p0043.gds,reference\p0043.gds,reference_sem\p0043.png,params\p0043.json
p0044,search\p0044.png,reference\p0044.gds,reference\p0044.gds,reference_sem\p0044.png,params\p0044.json
p0045,search\p0045.png,reference\p0045.gds,reference\p0045.gds,reference_sem\p0045.png,params\p0045.json
p0046,search\p0046.png,reference\p0046.gds,reference\p0046.gds,reference_sem\p0046.png,params\p0046.json
p0047,search\p0047.png,reference\p0047.gds,reference\p0047.gds,reference_sem\p0047.png,params\p0047.json
p0048,search\p0048.png,reference\p0048.gds,reference\p0048.gds,reference_sem\p0048.png,params\p0048.json
p0049,search\p0049.png,reference\p0049.gds,reference\p0049.gds,reference_sem\p0049.png,params\p0049.json
