pair_id,severity,native_error,undistorted_error,native_peak,undistorted_peak,k
test_B_00000000,1,0.6444165610880646,0.3646823204408087,0.5898544192314148,0.8319392800331116,-0.0121394723257389
test_B_00000001,2,1.3640746274777484,0.7459560492222681,0.1805969923734665,0.5273754000663757,-0.0149039413549198
test_B_00000002,3,0.0012147392893098186,0.22652758210496507,0.6326833367347717,0.8318741321563721,0.0136942497430091
test_B_00000003,4,0.36579908742004363,1.6005609261439526,0.2850103974342346,0.30869510769844055,0.0075368936757314
test_B_00000004,1,0.04182769636486228,0.04294699287240418,0.8857588768005371,0.8926613926887512,0.0016063281806255
test_B_00000005,2,0.3320083864658159,0.13659756799051756,0.7117392420768738,0.8814114928245544,0.0122806048247176
test_B_00000006,3,0.48908869931483423,2.630288071590843,0.08260529488325119,0.06373744457960129,-0.0158860712329347
test_B_00000007,4,0.1512992341131394,2.181508321204924,0.07846322655677795,0.0780712440609932,0.0219885051298627
test_B_00000008,1,0.055784030067798085,0.10818600176938037,0.8530957102775574,0.8880294561386108,-0.0007341429946754
test_B_00000009,2,0.9247173323484503,0.45449776936657094,0.5682277083396912,0.8517277836799622,0.0185536850550959
test_B_00000010,3,0.5468043395751465,0.07085543402400858,0.5631735324859619,0.6412944793701172,0.0137784786639319
test_B_00000011,4,0.007952844371857282,0.2210782080479585,0.5231001377105713,0.7099581360816956,-0.0119528233373019
test_B_00000012,1,,,,,0.0142869059592103
test_B_00000013,2,0.07519281424727353,0.5799567547085105,0.26049643754959106,0.533325731754303,0.0180140413465096
test_B_00000014,3,0.36444745886194596,0.32720625059678,0.7736899852752686,0.8140121102333069,0.0006341166272794
test_B_00000015,4,1.0078795144790433,0.7251185235980435,0.49219638109207153,0.5728916525840759,-0.021987818474115
test_B_00000016,1,0.01593446978125712,0.024571866586239104,0.7965035438537598,0.7985342741012573,-0.0170009395253692
test_B_00000017,2,0.2569306835498537,0.02057331935355275,0.5650017857551575,0.7212387919425964,-0.0165775827648969
test_B_00000018,3,0.02506454100210931,0.021113494553498813,0.8421887755393982,0.8448112607002258,0.0016377866244924
test_B_00000019,4,1.1716460470413494,0.05390828018830254,0.25652220845222473,0.5105944871902466,-0.0126152952717112
test_B_00000020,1,0.10543620485179872,0.12957807074501262,0.6622671484947205,0.797640323638916,-0.0130442130059851
test_B_00000021,2,0.2938983275475948,0.08715143583853772,0.8451500535011292,0.8910489678382874,-0.0072748617176062
test_B_00000022,3,1.8337943070900877,1.9277919389651406,0.08418601751327515,0.08167824149131775,0.0001980141025995
test_B_00000023,4,0.48719260154359745,0.06351507708751117,0.39185959100723267,0.49652913212776184,-0.0213365989408491
test_B_00000024,1,0.018407358340937208,0.013578309857746558,0.9040381908416748,0.903052031993866,0.0024988139159452
test_B_00000025,2,0.314356625210678,0.3547981768534738,0.20839372277259827,0.22290833294391632,-0.0022123848388166
test_B_00000026,3,1.7986937328550994,1.6012587510160394,0.719743549823761,0.8154911398887634,-0.0075910993488989
test_B_00000027,4,0.49593355254731364,0.3417277303529942,0.544283390045166,0.8047341704368591,-0.0026642829410957
test_B_00000028,1,0.39171867095456037,0.19415487304486873,0.7785292863845825,0.8115193247795105,0.0153709377536089
test_B_00000029,2,0.18189476560326057,0.5673717105320446,0.7674264311790466,0.9077650308609009,0.0201705686138845
test_B_00000030,3,0.03210755409372723,0.033042027511439476,0.2777477204799652,0.27813199162483215,-0.00029354256134
test_B_00000031,4,0.5195999846603172,0.5721152765003252,0.48636379837989807,0.49805358052253723,-0.0024221278934284
test_B_00000032,1,0.1149047251558386,0.08387191911491917,0.7464869022369385,0.7535224556922913,0.0004255044825991
test_B_00000033,2,0.10312033408860088,0.0864594060566821,0.7100487947463989,0.7967165112495422,0.0062759258685585
test_B_00000034,3,0.21083099805923666,0.2794997712927156,0.6729835271835327,0.7309735417366028,-0.0013233985611511
test_B_00000035,4,,,,,0.0113450590501426
test_B_00000036,1,0.11797688687630625,0.09007691927610462,0.40251424908638,0.49249163269996643,0.005717241026643
test_B_00000037,2,0.12636902662916327,0.48148479879541234,0.7740429043769836,0.8330798149108887,-0.0134631111145125
test_B_00000038,3,1.8470707614773119,1.8038426465632353,0.13868413865566254,0.1229703426361084,0.0073993975759025
test_B_00000039,4,0.019190762132438977,0.23822973541229056,0.5209269523620605,0.608206033706665,-0.0100726383541763
test_B_00000040,1,0.2792017762442356,0.22769400327497055,0.8496211171150208,0.8990352153778076,0.0151474537331648
test_B_00000041,2,0.5059177056461976,0.3673869326679106,0.3002426028251648,0.3798624277114868,-0.0175158722572097
test_B_00000042,3,0.053197677073058,0.0563469568366094,0.5574740171432495,0.5753581523895264,0.0018773807646665
test_B_00000043,4,0.24719120633091052,0.27725928810224343,0.39556583762168884,0.4213203489780426,-0.0089214126893722
test_B_00000044,1,0.2710802677040647,0.14892035982608623,0.8675608038902283,0.9342443943023682,0.0033420679052545
test_B_00000045,2,0.5741220802337921,0.05809897955412196,0.7451338171958923,0.722503662109375,0.0167889967641987
test_B_00000046,3,,2.8728847067238465,,0.32221055030822754,-0.0192279153975807
test_B_00000047,4,2.2854679526417385,0.9855979085146728,0.0744234174489975,0.0859905481338501,-0.0112622617298501
test_B_00000048,1,0.5936651505031705,0.537668504449217,0.8998700380325317,0.9540616869926453,0.0118702917394951
test_B_00000049,2,2.3816388841105436,2.6672171041810926,0.17017239332199097,0.2535953223705292,0.0042893456240146
test_B_00000050,3,0.22149453355666537,0.16584691671955998,0.6501007080078125,0.6716446876525879,-0.0214949535802724
test_B_00000051,4,2.193518162133273,0.5545078259551105,0.5553603768348694,0.6113215684890747,-0.0016244404116115
test_B_00000052,1,0.30142635830850395,0.711475572632565,0.30962175130844116,0.4242893159389496,0.0058307655316649
test_B_00000053,2,0.9420100218213747,0.3684772879853463,0.39504650235176086,0.46861347556114197,0.0103460126040064
test_B_00000054,3,0.20182958337932178,0.05576686677480606,0.48031729459762573,0.49731284379959106,0.0151623302587005
test_B_00000055,4,0.5250201016951905,0.38081138724160046,0.4629582464694977,0.545389711856842,0.0076427996457617
test_B_00000056,1,,,,,0.0025104903252447
test_B_00000057,2,0.03935447379831203,1.3807987876653354,0.3547298312187195,0.1473192572593689,-0.0150306858238615
test_B_00000058,3,0.3375210015237826,0.45672382112927923,0.6706593632698059,0.7443728446960449,-0.0060931052804674
test_B_00000059,4,0.2979385082074373,0.23546024216060066,0.37953564524650574,0.38035380840301514,0.0068319387101835
test_B_00000060,1,0.168577485579533,0.008423580440289957,0.805719792842865,0.8818880319595337,-0.0143981084659233
test_B_00000061,2,0.9887258830226529,0.5763299067510018,0.13383933901786804,0.19640278816223145,-0.0183318669254798
test_B_00000062,3,0.05954883172711334,0.017348032587298255,0.8523544073104858,0.8610350489616394,-0.0039633618417463
test_B_00000063,4,3.117414108023752,3.0326495072302175,0.13906319439411163,0.14376063644886017,0.0052180546988073
test_B_00000064,1,0.9941357134484861,0.09938932637243007,0.8126187324523926,0.8739137649536133,-0.021195484485934
test_B_00000065,2,0.15270380551669405,0.17549840913697168,0.6438458561897278,0.7085154056549072,0.0030858449869064
test_B_00000066,3,1.3897251897561773,0.7429806179797176,0.3911319673061371,0.6118655204772949,0.0145094950793637
test_B_00000067,4,,,,,0.0197753966128442
test_B_00000068,1,0.53267012322749,0.1764893533057458,0.7624560594558716,0.9013747572898865,-0.018861692090937
test_B_00000069,2,0.28972067005042845,0.11759238896060817,0.6341174244880676,0.8298671841621399,0.0114972355268429
test_B_00000070,3,,,,,0.0001755713834425
test_B_00000071,4,1.4637392926513257,1.0000639569263046,0.14442160725593567,0.17616800963878632,0.018125657962523
test_B_00000072,1,0.04782015717671584,0.0172734834381959,0.8192266225814819,0.8877884149551392,0.0041047358806246
test_B_00000073,2,1.1400527797878794,0.7294978754025132,0.311394065618515,0.42406120896339417,0.0192037516340791
test_B_00000074,3,,,,,0.0069921605481952
test_B_00000075,4,0.04003293761962823,0.05004028350483661,0.27923592925071716,0.2945445477962494,0.0051706057420729
test_B_00000076,1,0.33987813863382144,0.02566448764884424,0.7444369196891785,0.8409567475318909,0.0164467599830342
test_B_00000077,2,3.1887279358508067,2.350449861044428,0.5285097360610962,0.5696807503700256,-0.0169783037772427
test_B_00000078,3,1.60205433991905,0.3510033329223015,0.21143577992916107,0.42714521288871765,0.018621246403519
test_B_00000079,4,0.17425275709126709,0.5329434591768111,0.4074765145778656,0.4343438744544983,-0.0179548143596508
test_B_00000080,1,1.107605909481208,0.04257876796148353,0.5205629467964172,0.7543296217918396,-0.0184645668131566
test_B_00000081,2,3.3701648644590705,0.5504685939134385,0.19497813284397125,0.3022109568119049,-0.0093832138050022
test_B_00000082,3,0.11682640730782623,0.16076390743468516,0.3546884059906006,0.3742610216140747,0.011607791183492
test_B_00000083,4,0.08623107093535509,0.37270833195448827,0.7962388396263123,0.8700883388519287,-0.0166003860738794
test_B_00000084,1,0.11489763040117396,0.18784614888486514,0.9441704154014587,0.9647702574729919,-0.0052040572763242
test_B_00000085,2,0.3950384211192386,0.10710395572363854,0.604932427406311,0.6712408661842346,-0.0006122072902605
test_B_00000086,3,2.0173194024333156,2.26252758773909,0.6626158356666565,0.723659873008728,-0.0029923242821457
test_B_00000087,4,1.814086730762483,1.8663232778637857,0.18789398670196533,0.23386937379837036,0.0037386842955931
test_B_00000088,1,0.0016388100834774377,0.0032468802951053917,0.7984191179275513,0.7925668358802795,0.0036158061595294
test_B_00000089,2,0.7041257573097255,0.8880135742858498,0.5445334911346436,0.6914010047912598,0.0195374324277241
test_B_00000090,3,,0.3644116578388407,,0.03197764977812767,-0.001505319671349
test_B_00000091,4,0.9351461201515008,0.6645836180747764,0.29755839705467224,0.3452647626399994,-0.005708563788296
test_B_00000092,1,0.06383015147730475,0.07480902058323287,0.9114301204681396,0.9408705234527588,-0.0129657924719549
test_B_00000093,2,2.280913337650361,0.41276354127121334,0.7470088601112366,0.8799235224723816,-0.0196714897367436
test_B_00000094,3,2.396503179671072,1.177102119638507,0.26059845089912415,0.19433175027370453,0.003953698247018
test_B_00000095,4,0.09753215488944988,0.3164752584815562,0.3866770565509796,0.3736981153488159,-0.0160145869238416
test_B_00000096,1,0.008459780421503638,0.9214863515213283,0.42467132210731506,0.6036375164985657,0.0048132247873864
test_B_00000097,2,0.9883869501888398,0.3219353305196724,0.75104159116745,0.9110109806060791,-0.0120987269206917
test_B_00000098,3,0.08096966672201233,0.17406118857669128,0.6331934332847595,0.7100470662117004,-0.0085963170093702
test_B_00000099,4,0.11898978374148328,0.6865263826008633,0.549150824546814,0.6442370414733887,-0.0213168777350367
test_B_00000100,1,0.06516459179522371,0.032253828622363645,0.8161045908927917,0.8957897424697876,-0.0162461753789444
test_B_00000101,2,0.4615020003405448,0.4093384882624678,0.6201509833335876,0.6954051852226257,0.0189946907009136
test_B_00000102,3,1.5391155288511982,1.0650959747393305,0.5483388304710388,0.6280080676078796,0.010313502515146
test_B_00000103,4,0.07367640219439409,0.3871672776966857,0.41509729623794556,0.5127837657928467,-0.0081973536090261
test_B_00000104,1,0.06573962689054724,0.11215556142962044,0.8541260361671448,0.9292700886726379,-0.0122080471714293
test_B_00000105,2,0.6361860220102358,0.10614084849854738,0.7916003465652466,0.8174780607223511,-0.0179167008255372
test_B_00000106,3,2.6579490577720435,1.837808345853618,0.5101838111877441,0.7571787238121033,-0.0177268292945971
test_B_00000107,4,0.47132609626277144,0.45327395684632776,0.6251273155212402,0.6374316811561584,-0.0048419759655067
test_B_00000108,1,0.5076469245609587,0.35519104371224675,0.3756418526172638,0.4980025291442871,0.0068653629137496
test_B_00000109,2,0.7796293366592408,0.7256715366811692,0.3002801239490509,0.40594035387039185,0.0077037861201347
test_B_00000110,3,1.1250286367069293,0.8846697401578176,0.6013052463531494,0.7625080347061157,-0.0166998657126316
test_B_00000111,4,1.698226895185087,1.229305346456637,0.23876561224460602,0.5174692869186401,0.003336395377819
test_B_00000112,1,0.6314180524994981,0.13416929100780073,0.7883055806159973,0.7956727743148804,0.0178729263163324
test_B_00000113,2,0.3996101685905842,0.5427782491477653,0.659498929977417,0.7945838570594788,-0.008341777430101
test_B_00000114,3,0.170143275262717,0.6668725044947804,0.7299054861068726,0.740423321723938,0.0073979590318924
test_B_00000115,4,0.29163513480523306,0.012075237524937577,0.5885422825813293,0.6859762072563171,-0.0109702771278087
test_B_00000116,1,0.45767231040690604,0.05534365247345378,0.8998808860778809,0.9219027757644653,-0.0107858778293029
test_B_00000117,2,0.8940849658987418,0.6306563976519043,0.3768673241138458,0.4749066233634949,0.0020638478925687
test_B_00000118,3,0.08722066829079722,0.16805505441267632,0.8280266523361206,0.8785132765769958,0.0108801398719182
test_B_00000119,4,1.3528938454396098,0.8378898704316212,0.3336436450481415,0.3686287999153137,-0.0189600491543123
test_B_00000120,1,1.1871202217049444,0.06709130219925764,0.805391788482666,0.7682687044143677,0.0124562734084412
test_B_00000121,2,0.3445304212161773,0.17645690702089853,0.43582963943481445,0.5476725697517395,0.0007950465754631
test_B_00000122,3,0.11385759577922272,0.16744133334851855,0.5023751854896545,0.7175108790397644,-0.0069112054293415
test_B_00000123,4,0.6572875661575495,0.04411986287839796,0.6005218625068665,0.7477232217788696,0.0124552022488939
test_B_00000124,1,0.3509690306035509,0.11874853055497994,0.8550105690956116,0.8799586892127991,0.0069180444183004
test_B_00000125,2,0.1812609278904347,0.2478356759853221,0.6350036859512329,0.7610529661178589,-0.0214409750983637
test_B_00000126,3,0.06981358189545972,0.4491140802388329,0.5064303278923035,0.5654006600379944,-0.0013605830214759
test_B_00000127,4,0.048708063969456816,,0.15935629606246948,,-0.0036609291207409
test_B_00000128,1,0.11006559249085512,0.12013280070231472,0.742010235786438,0.7313573956489563,0.0076477197722981
test_B_00000129,2,0.4141244209835122,0.235784442172404,0.662832498550415,0.7618067860603333,-0.0099522380174117
test_B_00000130,3,0.2108068644010359,0.0675220069190463,0.44487833976745605,0.701790452003479,-0.0135417565492398
test_B_00000131,4,0.5294019979899076,0.3336075869803198,0.6148483753204346,0.6638659834861755,-0.0217334824855324
test_B_00000132,1,0.0843626800891002,0.07171517602978789,0.9022548198699951,0.910525918006897,-0.0001985189145753
test_B_00000133,2,0.9730571732308704,0.15295497516350848,0.6791689395904541,0.7752707004547119,0.012800369958523
test_B_00000134,3,1.9196042235655568,0.2160822711622359,0.67894047498703,0.8399043679237366,-0.0126372330703746
test_B_00000135,4,0.11641256431346392,0.10664924979511083,0.671809196472168,0.8202975392341614,-0.0149528377153029
test_B_00000136,1,0.562910281932659,0.04080957032384177,0.7239623665809631,0.727439820766449,0.0188584398306887
test_B_00000137,2,1.36747491238134,0.8225065201794042,0.7549831867218018,0.897636890411377,-0.0180790358330937
test_B_00000138,3,0.06486669335640727,0.09030233911403891,0.7494057416915894,0.7464772462844849,-0.0096627545981037
test_B_00000139,4,0.9330020895300777,0.5079628095705897,0.5369585752487183,0.5600726008415222,-0.0042900790375058
test_B_00000140,1,0.1600655782085596,0.20814026055416857,0.8426177501678467,0.9067903161048889,-0.0099208944090585
test_B_00000141,2,0.9329602035429616,0.7829192530218757,0.7443665266036987,0.8351449370384216,0.0074836395014334
test_B_00000142,3,,1.1748865613625517,,0.37634944915771484,-0.020278172545465
test_B_00000143,4,2.4853104852825254,1.9562282629334289,0.3351040780544281,0.3810063898563385,0.0173893117849152
test_B_00000144,1,0.09401949867424264,0.0009011253181225707,0.4106488525867462,0.5610805153846741,0.0050011643139316
test_B_00000145,2,0.19416310595312325,0.15309486379459392,0.7913621664047241,0.9133752584457397,0.021106318926144
test_B_00000146,3,1.2433453869982714,0.51583400130992,0.5719348788261414,0.5101096630096436,0.0012860065026373
test_B_00000147,4,0.48873530948947064,0.6256343153221302,-0.01711178570985794,0.0019196512876078486,-0.0025166527827696
test_B_00000148,1,0.8540536968937431,0.7918237668811747,0.3063032627105713,0.339883029460907,0.0175262013565684
test_B_00000149,2,1.4267825747878078,0.2321141314601987,0.5765902400016785,0.6329507231712341,0.0054081219965457
test_B_00000150,3,2.8946229339395586,0.3702619005461797,0.7723802924156189,0.8871110677719116,0.0117957786045335
test_B_00000151,4,0.40916002610072155,0.495114364719621,0.30850887298583984,0.3061506748199463,0.0212886634060662
test_B_00000152,1,0.008530978802355094,0.05910692239002881,0.9291962385177612,0.957033634185791,0.0196415360866912
test_B_00000153,2,0.3136220920575852,0.3186496385103443,0.7535048127174377,0.754582405090332,0.0176005582700772
test_B_00000154,3,0.21150235145125862,0.3885700142086938,0.6788836121559143,0.7646543383598328,-0.0174953045234914
test_B_00000155,4,1.6622217854756514,1.554205883041497,0.08603271096944809,0.07702399790287018,-0.0009107006571674
test_B_00000156,1,0.9506922203993327,0.39486991259384446,0.5811750888824463,0.8186869025230408,0.0122593183262628
test_B_00000157,2,0.041121340346080615,0.5901136119819327,0.4575287997722626,0.49253392219543457,0.001466831171586
test_B_00000158,3,1.2292932102637906,0.7253703202607161,0.15576593577861786,0.2269033044576645,-0.0216945590752869
test_B_00000159,4,0.400714226580817,0.3299550372839827,0.2597637474536896,0.30932652950286865,-0.010985009991942
test_B_00000160,1,0.24227811206026217,0.32178750112002835,0.3132314085960388,0.3436734676361084,-0.009775414321212
test_B_00000161,2,0.38566194534803344,0.34086152064839775,0.640030562877655,0.6499390006065369,0.0027330650621316
test_B_00000162,3,1.6347571528727372,0.5415286874124667,0.4291141629219055,0.6086968779563904,-0.018678963667633
test_B_00000163,4,2.251789065706305,1.4137250099216532,0.02677294984459877,-0.08799634128808975,0.0182871476334481
test_B_00000164,1,0.1884125707150588,0.08360349396355603,0.9469183087348938,0.9687352180480957,0.011310565740968
test_B_00000165,2,0.2600603999231339,0.2911771456439604,0.8121004104614258,0.8104808330535889,-0.0210365085778454
test_B_00000166,3,3.336171268249416,0.7306608584133321,0.5401428937911987,0.7810593247413635,-0.0136091760059281
test_B_00000167,4,1.0196453939088315,0.5983391202032377,0.6309686303138733,0.7667138576507568,-0.0140770352148202
test_B_00000168,1,0.16079372862429864,0.21079094629453582,0.9651857018470764,0.9756180047988892,-0.0215160658697197
test_B_00000169,2,0.5067973694760894,0.7139675228366328,0.6993038058280945,0.7476223707199097,-0.0065545367707445
test_B_00000170,3,1.0186246770654748,0.4146576952502112,0.6184023022651672,0.7840378880500793,0.0172081968844859
test_B_00000171,4,0.40771007917714996,0.20588895805393198,0.6864855289459229,0.751166045665741,-0.0061641030021309
test_B_00000172,1,0.2237409153220824,0.1804335716258936,0.8110185861587524,0.9070517420768738,0.0046363049303155
test_B_00000173,2,0.17599260265569683,0.1624111165647886,0.9416937232017517,0.951265275478363,0.006606206985297
test_B_00000174,3,1.041057542741214,0.5924529490152451,0.8323236107826233,0.8940544724464417,-0.0192223209311598
test_B_00000175,4,0.525538428752327,0.7197067575143095,0.5928399562835693,0.7316669225692749,-0.0150741174205021
test_B_00000176,1,1.142501631713742,0.058645167463712344,0.7077314853668213,0.8122464418411255,-0.018749269041997
test_B_00000177,2,0.5542902985168894,0.3628177581361033,0.6610609292984009,0.7692346572875977,0.0112663997694637
test_B_00000178,3,1.3303637457552213,1.0125083219430053,0.5850529670715332,0.8714245557785034,0.0196520288454347
test_B_00000179,4,0.6185744309107122,0.3625857733634491,0.4369232654571533,0.733771562576294,0.0158969132767039
test_B_00000180,1,0.05256991360886332,0.057972236057588986,0.9214612245559692,0.9269071221351624,-0.0071917994965551
test_B_00000181,2,3.5898610749530917,0.045290951085212194,0.7291949987411499,0.8205609321594238,0.018604618776122
test_B_00000182,3,0.8823638728189849,0.7597001635417133,0.6453164219856262,0.8360100388526917,-0.0152039605025319
test_B_00000183,4,,2.0327617201255244,,0.23451489210128784,-0.0132814952027454
test_B_00000184,1,0.20384377898312778,0.21960620014415147,0.8720926642417908,0.9054808020591736,0.0194272431574633
test_B_00000185,2,0.17912681862674162,0.12837996117570832,0.5809129476547241,0.6141597628593445,0.0124062259444215
test_B_00000186,3,0.26120672584085014,0.12501026106848473,0.4195728302001953,0.5478155612945557,0.0076141731296615
test_B_00000187,4,0.7198586686179169,1.055679130198443,0.3112121522426605,0.3651465177536011,-0.021681340198464
test_B_00000188,1,0.01017234092884678,0.11325458348067186,0.7354779243469238,0.9074920415878296,0.003925526682716
test_B_00000189,2,1.5279378710873743,0.1830197271593542,0.5964951515197754,0.6820830702781677,0.0110635247392082
test_B_00000190,3,1.277423448030163,0.2241426900687853,0.3964865803718567,0.4984447956085205,0.0167280331252441
test_B_00000191,4,1.7583635519109748,0.32280299378204763,0.4859248101711273,0.673798680305481,-0.0101070577751701
test_B_00000192,1,0.5138994768451539,0.46971781329595214,0.38954731822013855,0.23091404139995575,-0.0073647764048777
test_B_00000193,2,0.1941372974412161,0.18414621816732038,0.6861355304718018,0.7065188884735107,-0.0177580847214729
test_B_00000194,3,0.4838764972497529,0.46917728986453,0.6249009966850281,0.7121747136116028,0.001100808792066
test_B_00000195,4,2.378535243225542,2.392293753778241,-0.13765005767345428,-0.13732363283634186,0.0087365278348849
test_B_00000196,1,0.0487339144916632,0.15559123457184693,0.9449533820152283,0.9364177584648132,-0.0058441786045301
test_B_00000197,2,0.1265226008965783,0.026180518180352184,0.7743351459503174,0.8952903151512146,0.0126049848648968
test_B_00000198,3,0.3778189830613883,0.6007349101776431,0.5734604001045227,0.7166800498962402,0.0059479115068472
test_B_00000199,4,0.4052169175262179,2.398275250391455,0.25899678468704224,0.29009702801704407,-0.0101025489424832
test_B_00000200,1,0.4975098510498128,0.18344596605916716,0.8809100389480591,0.8945617079734802,-0.0087738557171963
test_B_00000201,2,0.16644682378830566,0.09970023161114024,0.6001497507095337,0.6170233488082886,-0.0021871259366441
test_B_00000202,3,1.4979949912331563,1.2539213477729272,-0.061695296317338943,0.24007035791873932,-0.0210015944642867
test_B_00000203,4,0.05156041088935126,1.2865897171228269,0.38092973828315735,0.41322603821754456,0.0095290186487462
test_B_00000204,1,0.17550146191729254,0.0800668717958607,0.8342287540435791,0.8787536025047302,0.013943285326459
test_B_00000205,2,3.0483123975694753,0.84624604083824,0.11830423027276993,0.4082910120487213,0.0170849519013327
test_B_00000206,3,0.0506536957256003,,0.31255391240119934,,-0.0132830570573781
test_B_00000207,4,0.42464521808688005,0.33199607650475443,0.4621255695819855,0.5548567175865173,-0.0144850847137252
test_B_00000208,1,0.04181091988920116,0.05890890696352772,0.9439135193824768,0.9756965041160583,-0.00640245252227
test_B_00000209,2,1.7420616624191894,0.47652890640119244,0.8039279580116272,0.9001146554946899,-0.016100304275796
test_B_00000210,3,0.2191320164591275,0.21314075471353403,0.6327066421508789,0.6373451948165894,-0.009588761143117
test_B_00000211,4,,2.4906686520778987,,0.10845828056335449,0.0203622866199357
test_B_00000212,1,0.038255838476175086,0.05571810992865165,0.6948038935661316,0.7098247408866882,-0.0149234606352494
test_B_00000213,2,,0.2897977531192237,,0.5454285144805908,0.0040627110953651
test_B_00000214,3,0.6258049405555539,0.47092530386069,0.553541898727417,0.6475017666816711,-0.0031147953828705
test_B_00000215,4,2.9868832028694214,2.2283398805968564,0.10850410163402557,0.06851253658533096,0.0059026363621083
test_B_00000216,1,0.2574294101796113,0.3323233349997073,0.8582875728607178,0.9343820810317993,-0.0082699090680896
test_B_00000217,2,0.5795343781923066,0.4536346671644577,0.6316156983375549,0.6969555616378784,-0.0083078766041583
test_B_00000218,3,3.0104006101552727,2.349622814450504,0.5018689036369324,0.730758011341095,0.0117082080071128
test_B_00000219,4,1.9174075673287803,1.0742808959341112,0.09962703287601471,0.1544930636882782,-0.0032689373444331
test_B_00000220,1,0.6395319734415352,0.6482510216423644,0.18469180166721344,0.22042635083198547,-0.0085735335907349
test_B_00000221,2,0.17688479788523637,0.07732253018962768,0.7122484445571899,0.8458557724952698,-0.0056331531802943
test_B_00000222,3,0.6302334648644319,0.4484998840959015,0.45433616638183594,0.6312255263328552,0.0158952812792739
test_B_00000223,4,0.1585270427357841,0.15089276884363795,0.6742388010025024,0.7736871242523193,-0.0025069895973996
test_B_00000224,1,0.3906250195519618,0.05768675891101969,0.516593873500824,0.5627557635307312,-0.0064373235775589
test_B_00000225,2,0.0570057306772469,0.009678110114497717,0.6552417278289795,0.7413007020950317,-0.0102695066452296
test_B_00000226,3,0.20503770196273763,0.2963288341426939,0.19527475535869598,0.2774350345134735,-0.0112060562238716
test_B_00000227,4,0.17036105315480654,0.20692850120433234,0.7310008406639099,0.766198456287384,-0.0199262013293875
test_B_00000228,1,0.027313140080025278,0.012356843831179127,0.8926821351051331,0.9032737016677856,-0.0161682056694847
test_B_00000229,2,0.4321216323701833,0.8438749167967249,0.7907642722129822,0.838112473487854,0.0028409003831597
test_B_00000230,3,0.1484880420995296,0.32702420703595414,0.44443416595458984,0.531500518321991,-0.0204686262860274
test_B_00000231,4,0.1717954156123369,0.24939269674402104,0.631346583366394,0.7611526846885681,-0.0206269916132896
test_B_00000232,1,0.25177512951324843,0.5333439360526815,0.42605140805244446,0.5070814490318298,-0.0018591131135727
test_B_00000233,2,0.1573418785124545,0.18748223110697165,0.09450183808803558,0.13009586930274963,-0.0119612273684899
test_B_00000234,3,0.9067759261904484,0.9187391473512577,0.6196805834770203,0.7210837006568909,-0.0074895049106597
test_B_00000235,4,2.453963122961909,0.10559349663803659,0.23619751632213593,0.20141051709651947,0.0190263474834549
test_B_00000236,1,0.18349953695980048,0.007587751626618476,0.852776288986206,0.9259502291679382,0.0103412008217933
test_B_00000237,2,0.7616293451517322,0.9108779451376616,0.2602543234825134,0.37546494603157043,0.0210469152836161
test_B_00000238,3,0.9779041177850445,0.5833436314563085,0.6708377599716187,0.7340218424797058,-0.008379366095515
test_B_00000239,4,1.8126877509894257,1.8547922366744385,0.15544995665550232,0.2049427330493927,0.0026106604672252
test_B_00000240,1,0.14356438364052337,0.07431975485501054,0.8907850980758667,0.9365120530128479,0.0094224794348302
test_B_00000241,2,0.25437923467984547,0.18364343523125012,0.6318503618240356,0.6418583989143372,0.0076153861217913
test_B_00000242,3,,0.09751854127616945,,0.659346342086792,0.0039555920166186
test_B_00000243,4,0.12407286693303377,0.12350506532855139,0.5297813415527344,0.5297150015830994,8.211655808370438e-05
test_B_00000244,1,0.6191080998301004,0.46581614868955773,0.5988852977752686,0.779050886631012,0.0200014444288551
test_B_00000245,2,2.4483591341698343,1.7927265847729394,0.21390630304813385,0.31806278228759766,-0.0200942890019905
test_B_00000246,3,0.8779748527285278,0.9058351012465224,0.5613422989845276,0.645379364490509,0.0147808249479055
test_B_00000247,4,,,,,0.0022168455612545
test_B_00000248,1,0.042245089864820784,0.6227914314074474,0.8541322946548462,0.9273173809051514,-0.017462611636994
test_B_00000249,2,0.872485594365628,0.20509350414965127,0.4363401532173157,0.7726137638092041,-0.0156977840679513
test_B_00000250,3,0.56014939814645,0.5803570955089528,0.6532309651374817,0.7108889222145081,-0.0002174665622369
test_B_00000251,4,0.19192269226152803,0.10110376414619376,0.05326608940958977,0.049888551235198975,-0.0003148197907343
test_B_00000252,1,0.16480048628989152,0.20243261405501498,0.9400697946548462,0.9589894413948059,0.0033759383030054
test_B_00000253,2,0.5051350015085063,0.2922695216764713,0.49067190289497375,0.6126370429992676,0.0074099211267073
test_B_00000254,3,0.9088690407401145,0.8145544157794726,0.5893481969833374,0.7290737628936768,0.0119820886580486
test_B_00000255,4,0.5000360759054274,0.22167520002902516,0.4403291642665863,0.5383538603782654,0.0111500008728911
test_B_00000256,1,0.8138765769598706,0.02979691696990048,0.9534803628921509,0.929145872592926,-0.0041582585299258
test_B_00000257,2,0.9742150128849971,0.37662844112600735,0.6286295652389526,0.6411537528038025,0.0027239920364741
test_B_00000258,3,2.202550873438895,,0.30110713839530945,,0.0188660083391379
test_B_00000259,4,0.006202926308105816,0.14794398415126433,0.35189512372016907,0.5290908217430115,0.0053400688992098
test_B_00000260,1,0.6956643865066496,0.3607030789963453,0.8461448550224304,0.8724973201751709,-0.0171964342758422
test_B_00000261,2,0.6328638711046324,0.04327269818747876,0.6500129103660583,0.7158525586128235,0.0104170654507804
test_B_00000262,3,0.5138257487923852,0.8824635444076911,0.6831490397453308,0.7466123104095459,0.0196395426820958
test_B_00000263,4,0.6632050670996819,1.5457144281725488,0.307900607585907,0.41866740584373474,0.0038785619819369
test_B_00000264,1,0.15550383947538648,0.09867568204823389,0.8739655613899231,0.8662061095237732,0.0055782489138776
test_B_00000265,2,1.4875074868375577,1.3276057803374324,0.13411398231983185,0.23725250363349915,0.0077857566501343
test_B_00000266,3,0.8852457029597076,0.4452247626930332,0.743022084236145,0.8816067576408386,0.0043757593022289
test_B_00000267,4,,1.0669099621886369,,0.1316082924604416,0.0007030457651052
test_B_00000268,1,0.45818386294187974,0.18826937913010766,0.8403812050819397,0.9123916029930115,-0.0044466900338597
test_B_00000269,2,0.5246358472693657,0.19187122858927277,0.743221640586853,0.8094825744628906,-0.0158010427465983
test_B_00000270,3,1.3537084254909928,0.8934120956592757,0.5847619771957397,0.7851936221122742,-0.0187791348145119
test_B_00000271,4,0.5689146802235143,0.25042036447986105,0.3911880552768707,0.4391322433948517,-0.0093121136961039
test_B_00000272,1,0.010562950608573374,0.01610568626140209,0.8182138204574585,0.8776482939720154,0.0075819963038821
test_B_00000273,2,0.21751382709635436,0.2122740206232761,0.8621619939804077,0.8957203030586243,-0.0164454816544633
test_B_00000274,3,0.2603794673560742,0.23017376162757314,0.8371322154998779,0.8723734021186829,0.0135807235949097
test_B_00000275,4,1.9166941391664523,1.137416340217025,0.18120285868644714,0.1592644900083542,0.0028217554422151
test_B_00000276,1,0.21751932596816914,0.026519943614065098,0.8398781418800354,0.8996882438659668,0.0105428888854519
test_B_00000277,2,0.8058322009022731,1.0814868908247182,0.7059532999992371,0.7375381588935852,-0.0036521494567503
test_B_00000278,3,0.5580395960182614,0.28759471351630617,0.14641326665878296,0.4786130487918854,0.0096423443374549
test_B_00000279,4,,0.7211718815706557,,0.6673036217689514,-0.0110388991113557
test_B_00000280,1,0.14695336295631023,,0.9070954918861389,,0.0151783481885168
test_B_00000281,2,2.4830464829528864,2.3796186603610834,0.7938198447227478,0.8800470232963562,-0.019581313167856
test_B_00000282,3,,0.6021924398299577,,0.2006978690624237,0.0153767493682767
test_B_00000283,4,1.0718872988188082,0.40587215503395285,0.3810614049434662,0.4438791573047638,0.019108350373286
test_B_00000284,1,0.10713496075607054,0.0828720074277407,0.9277167320251465,0.9473477602005005,0.0004910546920965
test_B_00000285,2,0.8615178093281202,0.8644375967413974,0.8213247060775757,0.8231267929077148,0.0007271578572132
test_B_00000286,3,0.4967552871617045,0.07391276885871455,0.48302003741264343,0.7796571254730225,0.0031010752146454
test_B_00000287,4,1.5223826657975223,,0.27469027042388916,,-0.0208455152886083
test_B_00000288,1,0.03450977922648235,0.07761993689018172,0.960565984249115,0.9763237833976746,0.0111855612651814
test_B_00000289,2,0.2553623273753374,0.10710093988107394,0.6154067516326904,0.7840375304222107,0.0125039582067071
test_B_00000290,3,0.529686695305827,0.4869468379758828,0.796600341796875,0.873433530330658,-0.0032980356138895
test_B_00000291,4,0.3167651466379766,0.2947161507200103,0.6904031038284302,0.7034657001495361,0.019862791036917
test_B_00000292,1,0.9992121269283416,0.9827848590924089,0.10814574360847473,0.11541947722434998,-0.0077005836130427
test_B_00000293,2,1.817242491261709,0.23836443358382917,0.37295612692832947,0.521607518196106,-0.003982046560982
test_B_00000294,3,0.862749251109534,0.9863693299998245,0.6028716564178467,0.7469197511672974,-0.0192759130439749
test_B_00000295,4,0.5756156987100098,0.871654232609979,0.09885092079639435,0.13033145666122437,0.0120240419793809
test_B_00000296,1,0.0708728473954352,0.05089777461145236,0.9006287455558777,0.9055364727973938,0.0121726421156009
test_B_00000297,2,0.4270914774515404,0.05151373628594479,0.8752516508102417,0.9516319632530212,-0.01067838703334
test_B_00000298,3,0.9401962907593315,1.1679788801718183,0.5399243831634521,0.6953796148300171,-0.0104999892117728
test_B_00000299,4,0.15578478928443928,0.3523960163358946,0.7946522831916809,0.8370108604431152,-0.0131389503701228
test_B_00000300,1,0.4642918511224252,0.6081902281792969,0.52587890625,0.6675235033035278,0.011066254115261
test_B_00000301,2,0.4130919140408764,0.34221387949667464,0.6637194156646729,0.6784477829933167,-0.0170172527433368
test_B_00000302,3,0.04006826292174992,0.08045259626185298,0.5424553155899048,0.6026459336280823,-0.0194030853699382
test_B_00000303,4,0.25917759238018334,0.04034511450244152,0.23475201427936554,0.1988237351179123,0.0127319912491752
test_B_00000304,1,0.19368036797879995,0.15413613858570144,0.9140411615371704,0.9219390749931335,-0.0016572082689195
test_B_00000305,2,0.4655212964769646,0.4141567452575561,0.8290950655937195,0.9085696339607239,-0.0099718344204466
test_B_00000306,3,0.029965929152183435,0.45379771600635327,0.3608677387237549,0.6377696990966797,0.0164094364476829
test_B_00000307,4,2.1075046499746577,2.9008589886244445,0.13789106905460358,0.2125505805015564,0.0040773065584032
test_B_00000308,1,1.9648167633098268,0.15302873633402775,0.5906036496162415,0.772834062576294,0.0128224522438917
test_B_00000309,2,0.5068809116622788,0.4766251317415104,0.8224944472312927,0.9079377055168152,-0.0161062931121106
test_B_00000310,3,0.8308622103903929,0.21137022067491235,0.738965630531311,0.8368396162986755,-0.0158501567514597
test_B_00000311,4,1.3635891025323872,1.5606865723025471,0.19755981862545013,0.19119705259799957,0.007900360689613
test_B_00000312,1,0.023286522401235743,0.017704555854222297,0.9237017631530762,0.9388754367828369,-0.010732519526511
test_B_00000313,2,0.3048293903835315,0.0010288600196539889,0.8338940739631653,0.8800225853919983,0.0016336141497394
test_B_00000314,3,2.144391770462107,1.955216157729535,0.19094790518283844,0.08841845393180847,-0.019035272231413
test_B_00000315,4,0.7651575068374541,0.8197798982646217,0.2975524961948395,0.3414933383464813,0.0074923894446629
test_B_00000316,1,0.04439338041842689,0.0648089176539233,0.8985225558280945,0.9013617038726807,0.0042803812962773
test_B_00000317,2,0.6522551229507485,,0.4955749213695526,,0.0167582836440288
test_B_00000318,3,,,,,0.0044805964308093
test_B_00000319,4,2.0372736303326064,2.0395436409811816,0.2096242606639862,0.21433255076408386,0.0121145097390101
test_B_00000320,1,0.02020505481868895,0.34264102950462283,0.7431027889251709,0.8184436559677124,-0.0082554529684265
test_B_00000321,2,0.3955761490793748,0.29307462021006586,0.2124563306570053,0.29735711216926575,0.0167017387284474
test_B_00000322,3,0.17681972853011985,0.039339063610893135,0.3485577404499054,0.5719479918479919,-0.0073919301479747
test_B_00000323,4,0.4064569321651561,0.3740101235309909,0.7187291979789734,0.8217750191688538,0.0056297052111241
test_B_00000324,1,0.10268162521219892,0.04265452011448304,0.882209062576294,0.9237998127937317,0.0059604581643988
test_B_00000325,2,1.4999360190696507,1.8706004251236266,0.13624252378940582,0.27948424220085144,-0.0187614284283254
test_B_00000326,3,,1.1532812839607984,,0.18713578581809998,-0.0197757431604854
test_B_00000327,4,2.7841879867716557,2.645179697999119,0.10319922119379044,0.07505550235509872,-0.0093747322839913
test_B_00000328,1,1.1668903937504638,0.37826368000192395,0.9570946097373962,0.9713252186775208,0.0105380590770428
test_B_00000329,2,,,,,-0.0129311492716476
test_B_00000330,3,0.13909650479740776,0.2712052088167646,0.43151602149009705,0.48764458298683167,-0.01061343203796
test_B_00000331,4,0.6740320930220491,0.7083599138831927,0.44956234097480774,0.4473094642162323,-0.0065413065758664
test_B_00000332,1,0.3375311835308139,0.2516770101439361,0.9518501162528992,0.959194540977478,-0.0104578733222069
test_B_00000333,2,0.2086591521743344,0.012834636052723976,0.7247380018234253,0.8193451166152954,-0.0184860517363003
test_B_00000334,3,0.1702624137192288,0.4324103406774874,0.594987690448761,0.6090453267097473,-0.017628233216833
test_B_00000335,4,0.9958789938066275,0.8283043788153146,0.6019759178161621,0.7368443608283997,0.0190782851547236
test_B_00000336,1,0.012232187460767818,0.028041522346007087,0.8629875779151917,0.8730222582817078,0.0009102171507569
test_B_00000337,2,0.6262143919134928,1.0172261990002727,0.7158553004264832,0.8053877949714661,0.0099320905435265
test_B_00000338,3,0.11374406034758522,0.04587455064150896,0.49015676975250244,0.6802259683609009,0.0140090840623028
test_B_00000339,4,0.19980678849645983,0.6164174146900242,0.25210675597190857,0.37199294567108154,-0.0061095993388293
test_B_00000340,1,0.1954651302082766,0.31160267867422786,0.22552120685577393,0.23206616938114166,0.0086723344671016
test_B_00000341,2,,0.17993045149914533,,0.06460052728652954,0.0071191255316287
test_B_00000342,3,0.20069202119441343,0.16794487909964895,0.6681862473487854,0.7468940615653992,-0.0190763806207207
test_B_00000343,4,1.2453879202386133,1.239362771004103,0.49224424362182617,0.4969392418861389,-0.0013829816097497
test_B_00000344,1,1.5500983461481894,1.4745169664092632,0.38072848320007324,0.4044170081615448,0.0002751484313245
test_B_00000345,2,0.8682378008546721,0.5318431503252027,0.5262463092803955,0.7750484943389893,0.013249513783496
test_B_00000346,3,0.5811658612307156,0.24637501775385567,0.5839568972587585,0.8023927807807922,0.015916042710148
test_B_00000347,4,0.3487629504630263,0.4078124810966099,0.4948984384536743,0.6659696102142334,0.0069060718206716
test_B_00000348,1,0.21222856313443117,0.0462726995863904,0.8154571056365967,0.8787074089050293,0.0198224419328715
test_B_00000349,2,0.04546954093690658,0.1396569358157927,0.32689136266708374,0.6124106645584106,0.0164897261559276
test_B_00000350,3,0.4013273919319431,1.1019058091586234,0.12277375161647797,0.19578173756599426,0.0051732443615513
test_B_00000351,4,0.0034815392776295084,0.03398582406221839,0.6943020820617676,0.7198072671890259,-0.0036760700042211
test_B_00000352,1,0.3498518423881478,0.09073977265516173,0.8319540619850159,0.9131908416748047,-0.0144791883221756
test_B_00000353,2,0.5406503478211562,0.3213792875582296,0.6197414994239807,0.7913892865180969,0.0182488817116102
test_B_00000354,3,0.7772401251605743,0.4732979605239408,0.4452998638153076,0.5539255142211914,0.0113313571366253
test_B_00000355,4,2.725979726349806,0.18850196371285197,0.5545644760131836,0.7726795673370361,0.0132668986340509
test_B_00000356,1,0.3960058412831131,0.04459634152041382,0.6317242383956909,0.9441816210746765,-0.0140843828558012
test_B_00000357,2,0.37578088878387916,1.184829309408891,0.17950384318828583,0.216100811958313,0.0160151067188209
test_B_00000358,3,,,,,0.0182121865978215
test_B_00000359,4,1.8133770003381073,2.2132618778959503,0.3575190305709839,0.287009060382843,0.0162140398061155
test_B_00000360,1,0.0365117805963564,0.06569228283000406,0.9416767954826355,0.9383467435836792,0.0001407680816334
test_B_00000361,2,0.18162598212040848,0.20782452307251667,0.6688226461410522,0.7554129958152771,-0.013614811985018
test_B_00000362,3,0.22353068579468527,0.07268470611663413,0.730713427066803,0.8025215268135071,-0.0036975009498365
test_B_00000363,4,0.06134054819716539,0.10458561927048998,0.4197322130203247,0.5287286639213562,-0.0117373268443362
test_B_00000364,1,0.35430228987098644,0.1473774960433082,0.8426501750946045,0.9316341280937195,-0.0143014668422952
test_B_00000365,2,0.05532792112177276,0.35281487343110784,0.5705249309539795,0.7239282727241516,0.0186061633061302
test_B_00000366,3,0.409030474458973,0.35368712383604733,0.7341152429580688,0.8396294116973877,0.0109080864195692
test_B_00000367,4,,,,,0.0097121384477066
test_B_00000368,1,2.7442873957340908,0.848104234170505,0.8688876032829285,0.9231105446815491,-0.0208807909169707
test_B_00000369,2,1.8696303521060713,0.5840396707363882,0.2061852514743805,0.23820048570632935,0.0013642368476519
test_B_00000370,3,0.03676599644188627,0.08096153880622531,0.6040194034576416,0.6584105491638184,-0.0043719180842328
test_B_00000371,4,1.9934535459664176,2.256020364061692,0.278224378824234,0.3343218266963959,-0.017782061432058
test_B_00000372,1,0.20281591623279382,0.27402792199159876,0.8677589297294617,0.8688386082649231,-0.0099921289412833
test_B_00000373,2,0.13690401085182202,1.0705754753711314,0.2279418408870697,0.2008153349161148,-0.0082470095119924
test_B_00000374,3,0.7233070683432743,0.4166861630366633,0.3014005124568939,0.40644755959510803,0.0082183364556638
test_B_00000375,4,,,,,0.0096437003071629
test_B_00000376,1,0.011091358608382507,0.013850229986979674,0.8168625831604004,0.8164559602737427,1.402489199008386e-05
test_B_00000377,2,,,,,-0.0086841100566288
test_B_00000378,3,0.5613216939222525,0.6597155273097282,0.19192171096801758,0.15914587676525116,-0.0218731767600262
test_B_00000379,4,1.9043054895230398,0.2971697107726197,0.42998579144477844,0.8016879558563232,0.0074205873162293
test_B_00000380,1,0.07393400314947485,0.07677888840854012,0.914158284664154,0.9142800569534302,0.0005795098073105
test_B_00000381,2,0.5904279972119184,0.35819621594741535,0.35370951890945435,0.38413313031196594,-0.013765988831847
test_B_00000382,3,0.5304980818707463,0.006097962538826923,0.20342716574668884,0.23510615527629852,-0.0155698179436896
test_B_00000383,4,2.1482082152275552,1.252389035283327,0.6196012496948242,0.6920773983001709,-0.0050583937794927
test_B_00000384,1,0.3949773679402142,0.3021519737667208,0.8874208331108093,0.9106987118721008,-0.0042499263855849
test_B_00000385,2,1.0354817503933305,1.0207773651364145,0.026952460408210754,0.028770897537469864,-0.0009415993854106
test_B_00000386,3,0.8871381382534764,0.01152268775727908,0.4631442725658417,0.5782393217086792,0.0069849438583925
test_B_00000387,4,2.3228810685745884,2.3832890941423104,0.4279117286205292,0.5765496492385864,-0.0064862264625026
test_B_00000388,1,0.11600302925944561,0.10988478743299568,0.8255528807640076,0.8185836672782898,0.000182845339337
test_B_00000389,2,0.4432441324229899,0.23376598586698766,0.8002311587333679,0.8340362310409546,-0.0136965696570881
test_B_00000390,3,2.683788517911239,0.12859836875915825,0.10136864334344864,0.14572706818580627,0.0168362593308006
test_B_00000391,4,0.30598364913794285,1.1645359840081628,-0.011607235297560692,0.021449411287903786,0.0156538962547839
test_B_00000392,1,0.10070849903456747,0.09196745923039591,0.8386202454566956,0.8361682891845703,0.004044851149668
test_B_00000393,2,1.851951898664538,1.8973328138746404,0.14739742875099182,0.17320649325847626,0.0028232985908948
test_B_00000394,3,0.17394015802801732,0.07154169626436156,0.6007480621337891,0.7868276238441467,0.0219879668986105
test_B_00000395,4,1.6736202395554756,0.0495071336283973,0.1254858374595642,0.28830596804618835,-0.0160191359390964
test_B_00000396,1,0.522367721195053,0.393571204555092,0.851034939289093,0.9046375155448914,-0.0163848376780807
test_B_00000397,2,0.0186589541591502,0.014429985183216962,0.8255395889282227,0.8266162872314453,-2.2587200293956028e-05
test_B_00000398,3,0.20407188528531606,0.26616793135559846,0.5751872062683105,0.6450120806694031,-0.001378675313805
test_B_00000399,4,0.20209292906349674,0.38044226227775674,0.40447232127189636,0.4166875183582306,-0.0012685782869503
test_B_00000400,1,0.04091992489020413,0.03287087921434074,0.9292612671852112,0.9594287276268005,0.003984960306427
test_B_00000401,2,0.6483064891029358,0.3149462582150868,0.8283460736274719,0.9021403789520264,0.013380949261917
test_B_00000402,3,0.21166861577262353,0.1505618103844109,0.5973310470581055,0.6469153761863708,0.0046628667441192
test_B_00000403,4,0.14776499894998096,0.32860308053799336,0.4637813866138458,0.6090510487556458,-0.0075696417639006
test_B_00000404,1,0.05916459687495035,0.08037591627633818,0.8677459955215454,0.8880393505096436,-0.0080997580222603
test_B_00000405,2,1.224616150415386,0.7253189833378589,0.22947409749031067,0.3147614598274231,0.0038213554188393
test_B_00000406,3,,,,,0.0050389585945891
test_B_00000407,4,0.3193521340518828,0.24150580072645378,0.4699285924434662,0.5884568691253662,0.0106021392187158
test_B_00000408,1,0.08084208120681069,0.07717332315974752,0.7885855436325073,0.7937993407249451,-0.0099491933369383
test_B_00000409,2,0.7280103552066919,0.7426369651843333,0.6195898056030273,0.7226346135139465,0.0019440620447441
test_B_00000410,3,0.27869840270443547,0.27706587032997615,0.6783698797225952,0.6866586208343506,0.0010648010329637
test_B_00000411,4,1.6457637479555842,1.5804355928400804,0.0017567153554409742,0.012713407166302204,0.00985979946306
test_B_00000412,1,0.24799096649591945,0.22782726068179132,0.9029132127761841,0.9469268321990967,-0.0039469489877057
test_B_00000413,2,2.3858227085925137,2.1825070821664903,0.23492875695228577,0.2942748963832855,-0.0098022979867554
test_B_00000414,3,0.07802252605591775,0.23896348468470816,0.7418943047523499,0.9210171103477478,0.0207536729424511
test_B_00000415,4,0.37756039458054147,0.22495718889229765,0.11411970108747482,0.12219535559415817,0.003166986500572
test_B_00000416,1,0.6069788976617474,0.3949463673417422,0.3480537235736847,0.6309754252433777,0.0177790824951435
test_B_00000417,2,0.13817674494504217,0.18540753214499478,0.25627419352531433,0.2397635579109192,0.0095210948481469
test_B_00000418,3,,,,,-0.0085777649369533
test_B_00000419,4,0.5546264973416442,0.966089788584591,0.22004714608192444,0.31044599413871765,-0.010784519904531
test_B_00000420,1,1.3968398431052265,0.21631664470860582,0.7404758930206299,0.8816338181495667,0.0113703775782934
test_B_00000421,2,0.14637926370431842,0.5371106911941326,0.4358634948730469,0.5886707901954651,-0.0139792960669772
test_B_00000422,3,0.11493014520101497,0.06000379944504248,0.597814679145813,0.6325250864028931,0.0214100455897854
test_B_00000423,4,1.8009984221426976,0.5135160042269588,0.24607671797275543,0.49429798126220703,-0.0184390818513831
test_B_00000424,1,0.8229351279716184,0.48904308003624025,0.8637887835502625,0.9143180251121521,0.0112612841892153
test_B_00000425,2,0.4466494950281117,0.41110499618289836,0.5829569101333618,0.5845829248428345,0.0059832724094166
test_B_00000426,3,1.0551626967474022,0.8517986228579573,0.19272319972515106,0.19848734140396118,0.0004552699281084
test_B_00000427,4,2.6385789648049354,3.1522377111185063,0.09035328775644302,0.09540053457021713,-0.0196060062529623
test_B_00000428,1,0.029570217208402028,0.2247584619019077,0.9048301577568054,0.9650754928588867,-0.0125937263793565
test_B_00000429,2,0.1220437674750201,0.16112259845461763,0.6217058897018433,0.6253221035003662,-0.0064403584852078
test_B_00000430,3,0.09106777350969253,0.025273174392058746,0.22556115686893463,0.26813939213752747,-0.0012635308287714
test_B_00000431,4,0.9262907036385286,1.2370404028848667,0.43105462193489075,0.4207625985145569,-0.0211876475853954
test_B_00000432,1,0.09846076202944687,0.13416288089710238,0.8640747666358948,0.8934905529022217,-0.0020072126730378
test_B_00000433,2,0.23831902661953563,0.25937097901085804,0.2059134989976883,0.217874675989151,-0.0001377319373489
test_B_00000434,3,,0.3715970897828198,,0.40943798422813416,0.0088866895574059
test_B_00000435,4,2.4186698979093535,2.4556406796828347,0.21833637356758118,0.3430076837539673,0.0203599866027339
test_B_00000436,1,0.5659304609894207,0.40043060967396893,0.9306822419166565,0.9722499251365662,0.0040830276692084
test_B_00000437,2,0.4374776229676627,0.03400037699532298,0.8316688537597656,0.910189688205719,0.0142997033029719
test_B_00000438,3,0.19957400510907064,0.27109863218670777,0.5238819718360901,0.7094342708587646,0.0012770699362445
test_B_00000439,4,0.31156760992735144,0.3126487659044904,0.7076314687728882,0.7083118557929993,-0.0004469768514779
test_B_00000440,1,0.06356702237820855,0.04149188996663069,0.7648983597755432,0.9286993145942688,0.0146998736132148
test_B_00000441,2,0.5886192266364105,0.7943236001060815,0.8104854226112366,0.9085946679115295,0.00882239479438
test_B_00000442,3,1.372686821298558,0.23601164514514641,0.5807377099990845,0.6265155076980591,0.021898172091861
test_B_00000443,4,0.9648752677193784,0.7359249281345075,0.3177049458026886,0.41100361943244934,-0.0040455882636172
test_B_00000444,1,3.6695059589059724,3.722251360238781,0.019253501668572426,0.03045167401432991,-0.011494674546462
test_B_00000445,2,0.5271246733959742,0.5237162261164304,0.6025698781013489,0.6186164021492004,-0.0131400865690109
test_B_00000446,3,1.4289827635006986,0.5117068276095001,0.32078397274017334,0.7258825302124023,0.021447542572422
test_B_00000447,4,0.10095701731449935,0.11130228426736154,0.8245468735694885,0.8867725729942322,0.0004650338999973
test_B_00000448,1,0.20076334562139664,0.2016939694359594,0.9029282927513123,0.9040242433547974,0.0045394266138535
test_B_00000449,2,0.06521053763162854,0.046145294696808434,0.8949242830276489,0.9234825968742371,-0.0128467338521118
test_B_00000450,3,0.07904695748129598,0.06945765232467858,0.5221156477928162,0.5404784083366394,0.0078241443181325
test_B_00000451,4,,,,,-0.020491577134698
test_B_00000452,1,0.3705171958988558,0.0694476862116857,0.7866885662078857,0.8359917402267456,0.0030943796312267
test_B_00000453,2,1.1525379377892477,0.4239329545150825,0.6473819017410278,0.8387899398803711,-0.0152593563836539
test_B_00000454,3,0.15098293551011466,0.24938627596031393,0.047679878771305084,0.05757506936788559,-0.0099307844077112
test_B_00000455,4,0.9722823751181409,0.7993827914850423,0.7242788672447205,0.8349061608314514,-0.0034687688770871
test_B_00000456,1,0.10837489622838348,0.12443394305530783,0.9079229831695557,0.9321797490119934,0.0061090074845047
test_B_00000457,2,0.31012659489164207,0.6634758184578969,0.6371106505393982,0.702732503414154,0.0136064905031965
test_B_00000458,3,0.21372327541632785,0.616775486114921,0.20506063103675842,0.5196490287780762,0.0143325682025161
test_B_00000459,4,0.9754697143114868,0.6210090400860769,0.543815553188324,0.8265675902366638,-0.0182476349479244
test_B_00000460,1,0.04935131310094221,0.04443790247480627,0.7719513773918152,0.7738177180290222,-0.0019001573741801
test_B_00000461,2,1.1885321437285938,0.2992747061647315,0.635398805141449,0.7704102396965027,-0.0195302876717028
test_B_00000462,3,2.3980054960209145,0.030375964477598372,0.710047721862793,0.7245340347290039,-0.0166179725993271
test_B_00000463,4,0.8577875026840047,0.9593624189264169,0.20888525247573853,0.25862357020378113,0.0038027570359792
test_B_00000464,1,0.05182419219761414,0.18899206340616928,0.8233780860900879,0.8824827075004578,-0.0116415869577767
test_B_00000465,2,0.15959997551203742,0.017847301246914363,0.599743664264679,0.7676680088043213,0.0061323018790917
test_B_00000466,3,1.3196847982679856,1.0212122426691363,0.7817510366439819,0.8666117787361145,0.0190984389633994
test_B_00000467,4,1.7289087383529704,0.671593025649627,0.5111641883850098,0.6060013175010681,-0.0183445542442857
test_B_00000468,1,0.2871164031906801,0.17800378941005895,0.905698835849762,0.9375270009040833,-0.0067252739690451
test_B_00000469,2,1.400382221372979,0.10620559246811388,0.3862936198711395,0.2535139322280884,0.0074659816820213
test_B_00000470,3,1.2288959235449965,0.3415790476066227,0.2608560621738434,0.2995368242263794,0.015899448977836
test_B_00000471,4,1.4098095168968143,,0.08969570696353912,,-0.0015482347726014
test_B_00000472,1,0.012968157540399261,0.4259753767514322,0.4674624502658844,0.6259899139404297,0.0071475001991208
test_B_00000473,2,,1.7193250600758594,,-0.022731320932507515,-0.0089130393117789
test_B_00000474,3,0.026485981717144114,0.017160516712889977,0.7323927879333496,0.7489158511161804,-0.0002018304914067
test_B_00000475,4,0.856597208162384,0.2678728249031141,0.541288435459137,0.5967146158218384,0.0176383621262651
test_B_00000476,1,0.06903434065861802,0.1445469343129901,0.8912305235862732,0.9323988556861877,-0.0100424302748964
test_B_00000477,2,0.06272273606930412,0.08998772901220436,0.17042773962020874,0.17218056321144104,0.0005886932489886
test_B_00000478,3,0.663494652827012,0.8650066363336048,0.050743311643600464,0.08809871971607208,0.0012216494668798
test_B_00000479,4,0.005757540495551439,0.07264516723538174,0.477538526058197,0.48729318380355835,0.016525437294837
test_B_00000480,1,2.6013325048796787,0.1006436478735264,0.621563732624054,0.8600847125053406,0.0166991584662018
test_B_00000481,2,0.24521451376904224,0.08157824272819564,0.8746761083602905,0.9119122624397278,0.0012523425004617
test_B_00000482,3,0.17773665041579534,0.23110281307888747,0.6626074910163879,0.7607727646827698,0.0205368587708409
test_B_00000483,4,0.02662200249358193,0.03184259522318376,0.08699041604995728,0.20847347378730774,0.0114113486191939
test_B_00000484,1,0.17080097033704078,0.0879499427922054,0.8642055988311768,0.8895091414451599,-0.0148662178406844
test_B_00000485,2,0.5100883195690358,0.45726610578647203,0.7799802422523499,0.8570663332939148,0.0110510553712362
test_B_00000486,3,3.0705397040266007,0.22242227079542817,0.601910412311554,0.5888229608535767,0.0025623821058709
test_B_00000487,4,,2.364759679651558,,0.29853540658950806,0.0086425450465587
test_B_00000488,1,0.10394095362528333,0.1037174877569382,0.8591927886009216,0.8746786713600159,0.0012279279067489
test_B_00000489,2,0.007602281659671917,0.3983320630035324,0.5293915867805481,0.7716150283813477,-0.0179573890869707
test_B_00000490,3,0.1972282184739811,0.1583413167177308,0.11277942359447479,0.12221274524927139,0.0212397528730724
test_B_00000491,4,0.6741410871411517,0.613830059626617,0.44875282049179077,0.559582531452179,0.0116252978592569
test_B_00000492,1,0.43435720433899405,0.007420874135674778,0.8686887621879578,0.9628770351409912,0.0217445369609304
test_B_00000493,2,0.4285925814587017,0.24019027158855744,0.8391646146774292,0.9265090227127075,0.0162657090295775
test_B_00000494,3,0.08538144717169871,0.0961678014108603,0.6894513368606567,0.6956806778907776,0.0002624895155481
test_B_00000495,4,1.350499487976549,1.3462437769684048,0.601487398147583,0.6037156581878662,0.000132347636983
test_B_00000496,1,1.5543570930522606,0.015262551614216798,0.7701094746589661,0.8419916033744812,0.0017946661809335
test_B_00000497,2,0.12823643594919076,0.2557892429610239,0.7837273478507996,0.830322802066803,-0.0127131147838304
test_B_00000498,3,0.9161851842347914,,0.04924938082695007,,-0.0092633971167539
test_B_00000499,4,0.3474405577684365,0.21264285048324916,0.27499788999557495,0.2788340747356415,-0.0215549439717121
test_B_00000500,1,,0.22319341865945047,,0.7061471939086914,-0.0098136836828596
test_B_00000501,2,0.18115098998521262,0.09385997350442749,0.7550926804542542,0.9100678563117981,0.0200398959694904
test_B_00000502,3,0.09492083727093359,0.05089352670641742,0.34946417808532715,0.35140544176101685,0.0004925304508318
test_B_00000503,4,1.0261544119701966,0.21887565290928723,0.1571546494960785,0.3160703778266907,0.0162850366224565
test_B_00000504,1,0.7080567218397391,0.8070416834268057,0.35781052708625793,0.4803122878074646,0.0045201403963629
test_B_00000505,2,0.4531599066144736,0.4237499141892996,0.6127497553825378,0.6419280767440796,0.0017882323656925
test_B_00000506,3,0.22530715358902853,0.028134410531623535,0.4691293239593506,0.5868432521820068,0.0022489965341616
test_B_00000507,4,0.3092396352765263,0.03341534856919012,0.7312077879905701,0.8142510652542114,-0.0014941449014607
test_B_00000508,1,0.07262746857230695,0.10987490547858994,0.9430848360061646,0.9430919289588928,-0.0071408579501965
test_B_00000509,2,0.3921952321381923,0.22966695574298376,0.8346825838088989,0.9380859732627869,0.0041322935107944
test_B_00000510,3,0.05079116941385564,0.053557000297466774,0.40477514266967773,0.5500560998916626,0.0128682410975307
test_B_00000511,4,2.5477021320134554,0.14462249733952387,0.22594840824604034,0.34085750579833984,0.0149589851416098
test_B_00000512,1,0.41444232824380833,0.22385539191908302,0.949211061000824,0.9605686664581299,-0.008316942658287
test_B_00000513,2,0.6736960197955568,0.1545535420491081,0.6351301074028015,0.7476147413253784,-0.0125391894849173
test_B_00000514,3,0.2374941392394021,0.5091911531963631,0.7722176909446716,0.8536673188209534,-0.0094379903535526
test_B_00000515,4,2.5335711524923,1.0591082007326629,0.6728383302688599,0.805749237537384,0.0131590927041723
test_B_00000516,1,0.09830912690910054,0.20439934582646885,0.9561480283737183,0.9594046473503113,-0.0087644157422212
test_B_00000517,2,0.3321350595091417,0.3439091003464749,0.8299942016601562,0.835426926612854,-0.0022518040463873
test_B_00000518,3,0.5329907226550858,0.5654942584806041,0.22840623557567596,0.23604415357112885,0.0127312848212258
test_B_00000519,4,1.659975055955897,1.1019517648901171,0.18901360034942627,0.4147765338420868,0.0167617910001219
test_B_00000520,1,0.4865053432970967,0.28647103163610477,0.897408664226532,0.9307052493095398,-0.0201263429914174
test_B_00000521,2,0.6652230261886984,0.021502643319679157,0.20185326039791107,0.3886922597885132,-0.0067142678250684
test_B_00000522,3,0.002259678463929049,0.09171053206145353,0.692793071269989,0.7152650356292725,-0.0005887651518683
test_B_00000523,4,0.6649882067779345,0.5016483131833499,0.23265433311462402,0.2517065107822418,-0.0161015754166448
test_B_00000524,1,0.0755525752378503,0.13273575964494286,0.7297079563140869,0.8310607671737671,-0.0192864959840665
test_B_00000525,2,2.078735420881003,,0.34303802251815796,,0.0099488450755267
test_B_00000526,3,0.04481690116313075,0.09891610613464195,0.5533957481384277,0.5865854024887085,-0.007051959517256
test_B_00000527,4,0.5893465465474037,0.3730123749654931,0.6421818733215332,0.7301644086837769,-0.0042324407728077
test_B_00000528,1,0.9540620798459258,0.17036688359965682,0.869192361831665,0.955581784248352,-0.0172441103498147
test_B_00000529,2,0.11429949543696694,0.08839306979525637,0.9543300271034241,0.9753429293632507,-0.0085253538168021
test_B_00000530,3,0.18308547960697297,0.5659522694002792,0.7771586179733276,0.8188791871070862,0.0014976802392704
test_B_00000531,4,0.13165894456818705,0.523698881906156,0.376176118850708,0.46557676792144775,0.0081341935055368
test_B_00000532,1,0.3923323718342999,0.17489434115029948,0.7251846790313721,0.8546189069747925,0.0203460547789215
test_B_00000533,2,,,,,0.0015871447900532
test_B_00000534,3,0.616550821163969,0.05001189676466093,0.6826229691505432,0.7366707921028137,-0.0051499059019551
test_B_00000535,4,,,,,0.0009838548477012
test_B_00000536,1,0.06290179018924391,0.020639145889249155,0.6358622908592224,0.849747359752655,0.0173328625774604
test_B_00000537,2,0.1814111775895526,0.05979965039135089,0.7478310465812683,0.7801575064659119,0.0178878432993239
test_B_00000538,3,0.3080781862581148,0.04220330944677152,0.480777382850647,0.604251503944397,0.0208529347180825
test_B_00000539,4,0.1521416727232463,0.5797894028146783,0.4483770430088043,0.4748380780220032,0.0127334102532281
test_B_00000540,1,0.461493074010491,0.5329180868484142,0.1179368793964386,0.15944969654083252,0.0041673797384373
test_B_00000541,2,1.801629623903409,0.047553291124628014,0.638002336025238,0.6242629289627075,0.0215715956464444
test_B_00000542,3,,,,,-0.0082682967392478
test_B_00000543,4,2.362679524315695,2.095386115524858,0.0019110600696876645,0.010453512892127037,-0.0132036424231025
test_B_00000544,1,0.05482780415013622,0.15254121053242026,0.19540296494960785,0.26225486397743225,-0.0206169806432181
test_B_00000545,2,0.7077254880385908,0.04073152107802306,0.6221578121185303,0.7705638408660889,-0.0210803168309
test_B_00000546,3,0.773882947336773,0.6018237433008011,0.6456581950187683,0.7703521847724915,-0.0088698750104738
test_B_00000547,4,0.480638314698524,0.3988186946584407,0.3681486248970032,0.5340204834938049,-0.0112619902032206
test_B_00000548,1,0.09038156346537107,0.08626226062838732,0.9472000002861023,0.9465014934539795,0.0015365619156618
test_B_00000549,2,0.16706071297073777,0.18695519526543583,0.8931393623352051,0.9066389799118042,0.0070635699659642
test_B_00000550,3,0.09095897454471924,0.2133984754027676,0.5304445624351501,0.6431169509887695,-0.0186790089391035
test_B_00000551,4,0.17395049040158028,0.12776130781526224,0.27784374356269836,0.37110552191734314,0.0184290728757713
test_B_00000552,1,0.22399779223110272,0.22118792882474203,0.8354343175888062,0.8679065108299255,-0.0207294420671384
test_B_00000553,2,0.12126823690931587,0.11368775746552086,0.7486381530761719,0.7490103840827942,0.003121529638459
test_B_00000554,3,0.30518937314354844,0.10286456882681957,0.534759521484375,0.6339861750602722,0.0046691072060132
test_B_00000555,4,1.1318563707891371,0.41878963184188667,0.4686587154865265,0.481686532497406,-0.0200079347327734
test_B_00000556,1,0.21258858735188824,0.021865480273291205,0.6081924438476562,0.880723237991333,0.0121970443790373
test_B_00000557,2,1.4236870579317156,0.8177245358921433,0.4423529803752899,0.6128672361373901,-0.0070466078080331
test_B_00000558,3,,0.4797687365266627,,0.13641142845153809,-0.0191942381872991
test_B_00000559,4,0.3395868792660224,0.23305477081438297,0.18872204422950745,0.2262333482503891,0.0067811646771629
test_B_00000560,1,0.04874358810502599,0.04213527986467048,0.5638306140899658,0.5800271034240723,0.0006813584786059
test_B_00000561,2,1.090344029865662,0.1200281714560474,0.7098190188407898,0.7706185579299927,-0.008697799604457
test_B_00000562,3,0.10156697620857358,0.07677323184797544,0.6841757297515869,0.7608881592750549,0.0065881583945872
test_B_00000563,4,0.10981168925741258,0.2946400121459068,0.625725507736206,0.7234222888946533,-0.0043701103348173
test_B_00000564,1,0.7317611401574595,0.5262014123222067,0.8524664044380188,0.8762704730033875,0.0039759203242529
test_B_00000565,2,0.34611866580667083,0.1426191428435566,0.20713050663471222,0.18362784385681152,0.0217588112795074
test_B_00000566,3,0.053145813075047954,0.2692190116961553,0.4007958471775055,0.4658801257610321,-0.0159075973360666
test_B_00000567,4,0.41821180545980496,0.14328367507956727,0.1710404008626938,0.10910850763320923,-0.0130208753401602
test_B_00000568,1,0.41178842519832415,0.4960455403959051,0.5936332941055298,0.6455494165420532,0.0058351041653271
test_B_00000569,2,0.17962540298233876,0.43947320333019835,0.7942042946815491,0.8517155647277832,-0.0016529585521646
test_B_00000570,3,0.6114678503709001,0.5902028984460386,0.5836700797080994,0.8087761998176575,0.0172212236627506
test_B_00000571,4,2.79326195634917,,-0.13053862750530243,,0.0183929672272282
test_B_00000572,1,0.20049273508425358,0.19146316485288642,0.6906278133392334,0.8174962401390076,0.0157799368167601
test_B_00000573,2,0.41137944701546303,0.24012222433949518,0.4657517671585083,0.5494964718818665,0.0073658631107232
test_B_00000574,3,1.2944450840888067,0.6651127718022634,0.4422963857650757,0.5157383680343628,0.0088725876487851
test_B_00000575,4,0.6036814060940401,0.14317869714387813,0.22305291891098022,0.29257234930992126,0.0095618694205389
test_B_00000576,1,0.1318982199770744,0.42007689675625626,0.7922407984733582,0.9096549153327942,0.0180900397346845
test_B_00000577,2,1.048208588439877,0.822661133898949,0.44641613960266113,0.31524279713630676,-0.0142401050087115
test_B_00000578,3,0.20649133016013366,0.4884844864306996,0.6371479630470276,0.8363860845565796,0.0181389434228865
test_B_00000579,4,0.5172076047414293,0.873701601162828,0.6581203937530518,0.7137256264686584,0.0190373986051014
test_B_00000580,1,0.18681337892098782,0.22405031036179715,0.8765179514884949,0.9320544004440308,-0.006626561333745
test_B_00000581,2,0.058410553242310925,0.09390001603138216,0.6083289980888367,0.7088685631752014,0.0031116128539709
test_B_00000582,3,0.49840313897817623,2.905143718786739,0.4388919174671173,0.6333630084991455,-0.0133108654000175
test_B_00000583,4,0.32734653363661437,0.1604369179843303,0.6029303669929504,0.7705329060554504,0.0140501446216043
test_B_00000584,1,1.3425759815365836,0.08173190206299392,0.7287091016769409,0.7658374309539795,-0.0196687784923393
test_B_00000585,2,0.31016631499460345,0.25106602457353877,0.6495274901390076,0.8025127649307251,-0.0218026660590782
test_B_00000586,3,0.3100040279429095,0.34495159667350306,0.10818256437778473,0.1382426768541336,0.0035051385665243
test_B_00000587,4,,0.7972462832573204,,0.09289009869098663,0.0136515822684728
test_B_00000588,1,0.28059284109758664,0.1118149267030697,0.6971458792686462,0.9169309735298157,-0.0190895524466044
test_B_00000589,2,0.17324547285215885,0.09848279330745409,0.5533270239830017,0.5964267253875732,-0.0051154780634478
test_B_00000590,3,,,,,-0.0100681650135017
test_B_00000591,4,0.018488710869405622,0.15582130927162238,0.2259097844362259,0.29094198346138,-0.0086886298015085
test_B_00000592,1,0.0860665416586528,0.05799691328944871,0.8277757167816162,0.8523713946342468,0.0094197984773307
test_B_00000593,2,0.3154391442649285,0.33709302379478906,0.6324536800384521,0.7687310576438904,-0.001356110894481
test_B_00000594,3,2.3573317563497085,1.2666262068518548,0.10996849089860916,0.12450405210256577,0.0150621902449715
test_B_00000595,4,0.8539306724020435,0.29574378885830016,0.536929726600647,0.5809741020202637,0.0120605353328577
test_B_00000596,1,0.2713890536249437,0.23014166969890926,0.7061907052993774,0.8601732850074768,-0.0154129796936021
test_B_00000597,2,0.7042950186419716,0.2480844608677476,0.29365473985671997,0.2957272231578827,0.0114733045056342
test_B_00000598,3,0.11931054300214328,0.09604912703226073,0.8316828012466431,0.8764569759368896,0.0045269090095605
test_B_00000599,4,1.1830218652154372,1.5206786595400614,0.42272937297821045,0.5993974208831787,-0.0086298717161869
test_B_00000600,1,0.03364739319852106,0.6110633235252967,0.48453301191329956,0.5939762592315674,0.0128738870280511
test_B_00000601,2,0.48424963887237027,0.46916024223892877,0.7925341725349426,0.8755757212638855,-0.0084463535032835
test_B_00000602,3,0.20445647920615784,0.18998351483858128,0.3900565207004547,0.4794521927833557,-0.00084900278215
test_B_00000603,4,,0.45066022404286743,,0.6969635486602783,-0.0087064549441517
test_B_00000604,1,0.23887186700449092,0.29263312235821776,0.8588950634002686,0.8766666650772095,0.0180930434615764
test_B_00000605,2,0.5256494060356545,0.271467054893235,0.6943381428718567,0.8543195128440857,0.0188913519320235
test_B_00000606,3,0.41881540377795545,0.2503125050418565,0.8546402454376221,0.8705594539642334,-0.0094163947739587
test_B_00000607,4,0.7497111504208078,0.675808546314046,0.30379655957221985,0.4373170733451843,-0.006864013147166
test_B_00000608,1,0.35637638931848414,0.20937642694262149,0.45482197403907776,0.6043305397033691,0.004919752686573
test_B_00000609,2,0.06844159524075621,,0.18009093403816223,,0.0089867751359819
test_B_00000610,3,0.011777983321167085,0.045120771514494167,0.5843814611434937,0.7566865682601929,0.0102970231992238
test_B_00000611,4,0.05510326947876365,0.04703306964387089,0.42981263995170593,0.49724283814430237,0.0033978555194078
test_B_00000612,1,0.4712880221728142,0.5007013859511135,0.4063337445259094,0.45407944917678833,-0.0155371279986257
test_B_00000613,2,0.08913067972144972,0.07126670806659888,0.6792786717414856,0.8931080102920532,0.0191824645511046
test_B_00000614,3,2.1620675002719736,1.5215791700761068,0.34778085350990295,0.6834211349487305,-0.0016693173127274
test_B_00000615,4,,1.750422679228593,,0.420087069272995,-0.0143598600767305
test_B_00000616,1,1.3316057715057923,1.0628654566696163,0.3995005786418915,0.7633170485496521,0.0097105377407024
test_B_00000617,2,0.3671911682955624,0.38620056886730647,0.796080470085144,0.9002111554145813,0.0118096916959446
test_B_00000618,3,1.3350351188727245,0.11981835939250102,0.7353304624557495,0.7863066792488098,-0.0167226902939487
test_B_00000619,4,0.17498379263679453,0.03317925951603452,0.541317880153656,0.5670121312141418,-0.0093080416437128
test_B_00000620,1,0.2659349798001358,0.1413276453868965,0.9284340739250183,0.9138832688331604,0.0144280627845592
test_B_00000621,2,0.22295845890789678,0.19918175969026203,0.712744951248169,0.7222142815589905,0.0051874863880422
test_B_00000622,3,0.06932102319001388,0.0811202284478713,0.6911329627037048,0.7084277868270874,-0.0059592515387644
test_B_00000623,4,3.1017185956487197,3.115569525431952,-0.0513802245259285,-0.05574927479028702,0.0003000006565087
test_B_00000624,1,,,,,-0.0204701643519607
test_B_00000625,2,0.9455932120494026,0.20714713492641282,0.39755597710609436,0.5088553428649902,0.0054696404137663
test_B_00000626,3,0.27829741888353965,0.17871651582662193,0.4893897473812103,0.6215477585792542,-0.0064247833073256
test_B_00000627,4,0.22728774890424575,0.3855526925895628,0.4726252853870392,0.5860215425491333,0.0009022282630793
test_B_00000628,1,0.3868764854031497,0.24767188844347748,0.8412193059921265,0.8736001253128052,-0.002149564273163
test_B_00000629,2,0.40303420245561483,0.5218090722079017,0.7475674152374268,0.8424294590950012,-0.0023940269878998
test_B_00000630,3,0.3116365561577368,0.34646212332537807,0.42350447177886963,0.44087374210357666,-0.0046180108467149
test_B_00000631,4,0.23260199205265053,0.19465328934262827,0.5807920694351196,0.7392686009407043,-0.0168617668313326
test_B_00000632,1,0.13665514408171475,0.22428950253513774,0.8341988325119019,0.8914507627487183,-0.0086747098521182
test_B_00000633,2,1.2046627335489575,0.02224281852238316,0.783429741859436,0.8391509056091309,-0.0206551456533831
test_B_00000634,3,0.3353667930340407,0.21719102718204542,0.8129394054412842,0.88871169090271,-0.0209956058835281
test_B_00000635,4,0.45177819175154355,0.3665071812911258,0.6736986637115479,0.7440260052680969,-0.0065510517892417
test_B_00000636,1,0.2732241483587359,0.1893976044319905,0.8400557041168213,0.9264614582061768,0.0094457729757172
test_B_00000637,2,0.697969170654062,1.0191436014519017,0.6708223819732666,0.7206325531005859,0.0084749416795102
test_B_00000638,3,0.18873758490212822,0.06638223798055476,0.5249601602554321,0.534544825553894,-0.0006362500698394
test_B_00000639,4,0.23588869505363164,0.13992160909767914,0.6763438582420349,0.6663855314254761,0.0043815623863509
test_B_00000640,1,0.666982205577483,0.530673811284727,0.8367463946342468,0.7869367003440857,0.0155825282681339
test_B_00000641,2,0.0355515203542609,0.25205913571288013,0.5384421348571777,0.684242844581604,0.0102427905257296
test_B_00000642,3,0.15758686030619629,0.3986490144574339,0.37050026655197144,0.5503828525543213,0.0118835500631223
test_B_00000643,4,0.41610408338999605,0.40029258420196473,0.5620314478874207,0.5960647463798523,-0.0096909892624941
test_B_00000644,1,0.0663742495370343,0.18433051472121076,0.662188708782196,0.787678062915802,0.006157585615641
test_B_00000645,2,0.7241253154390961,0.14527986538837132,0.8353345990180969,0.9002776145935059,-0.0139931624580817
test_B_00000646,3,0.5617712876255609,0.4027238849963502,0.4076269865036011,0.4877482056617737,-0.008533878215152
test_B_00000647,4,3.276365454487973,2.2303327385055156,0.4012865424156189,0.48074010014533997,-0.0192202215169151
test_B_00000648,1,0.15899996598932375,0.015682647716570696,0.7306693196296692,0.9026731848716736,0.0216801643773263
test_B_00000649,2,0.08047569688051226,0.010961962140392023,0.6271219253540039,0.6101711988449097,-0.0045259840737148
test_B_00000650,3,0.1778852280956471,0.08971505857833932,0.40577396750450134,0.4498251974582672,0.0062952688021805
test_B_00000651,4,0.9319133637253003,0.8099328611725712,0.30255573987960815,0.3499365448951721,0.019886994587123
test_B_00000652,1,0.43449724479796714,0.23061005271813403,0.8768568634986877,0.9532614350318909,-0.0020111779554144
test_B_00000653,2,0.4146764636597595,0.023112231581365543,0.5193547010421753,0.9006460905075073,-0.0137947811273552
test_B_00000654,3,0.2613518954839833,0.7529434492909712,0.4510456919670105,0.6524156332015991,0.0038557619165316
test_B_00000655,4,2.6274808047146507,0.11111245658928594,0.5133507251739502,0.7639387249946594,-0.0034012775174739
test_B_00000656,1,,,,,-0.0219935678154014
test_B_00000657,2,0.3697917140581808,0.3987680439422847,0.3695750832557678,0.3984471261501312,-0.010431324795305
test_B_00000658,3,0.4238302928037001,0.4293194445078238,0.6672458052635193,0.6685143709182739,0.0005915861931195
test_B_00000659,4,1.172323088914709,0.519379693386538,0.0341251902282238,0.10644712299108505,0.0141782885810782
test_B_00000660,1,0.3442212930277151,0.21943554036678548,0.8268052935600281,0.770439624786377,0.0032731315904122
test_B_00000661,2,0.0987186940067204,0.6310693485437817,0.5942500829696655,0.7448301911354065,-0.0177171768276788
test_B_00000662,3,0.2903374700517247,0.5695764085462072,0.4423184096813202,0.5039372444152832,-0.0135109719404579
test_B_00000663,4,0.25955672100371885,0.4262644864741175,0.36139044165611267,0.5255903005599976,0.0172027527667056
test_B_00000664,1,,0.037313618705712086,,0.47656235098838806,-0.0209146235026188
test_B_00000665,2,0.7949738639607631,0.4609665453508946,0.07731851935386658,0.31060096621513367,-0.0094634060053036
test_B_00000666,3,0.013163545216812622,0.3244167075153052,0.6435786485671997,0.7379587888717651,0.006809444286853
test_B_00000667,4,0.2173259924447848,0.8300931194764816,0.34525394439697266,0.5889104604721069,0.0211843216667585
test_B_00000668,1,1.078598642000486,0.9426610158454625,0.28217825293540955,0.2522387206554413,-0.0139460887257954
test_B_00000669,2,0.9821669635206831,0.6115834869295885,0.6383524537086487,0.610214114189148,0.0127980934508732
test_B_00000670,3,1.1895927191927171,0.7271834930777009,0.5203693509101868,0.7411584258079529,0.0176887686037223
test_B_00000671,4,2.9941090995924924,1.0217172621443011,0.4528750777244568,0.5813462138175964,-0.0022246479845848
test_B_00000672,1,0.7616648811892901,0.4651665459949326,0.7754665017127991,0.8365994691848755,0.0124891189398895
test_B_00000673,2,0.09380573527676006,0.15827279284794502,0.8810470700263977,0.9006281495094299,-0.0202298684916329
test_B_00000674,3,0.30464901639550135,0.27417023242674954,0.42060649394989014,0.47717875242233276,-0.0161417985602951
test_B_00000675,4,0.7207784532680535,0.7005897067517208,0.3741494119167328,0.45360517501831055,0.0178825280323799
test_B_00000676,1,0.25703229168271946,0.15824683269018758,0.8464065790176392,0.9355641603469849,0.0068497398628399
test_B_00000677,2,0.30647238168876356,0.15577465069702032,0.754352331161499,0.7856128215789795,0.0036930647827469
test_B_00000678,3,0.11045474739738381,0.48501460730345003,0.2049814611673355,0.2779550552368164,0.0104316020602396
test_B_00000679,4,2.617637762909908,2.3682888251872964,0.2283274382352829,0.23643207550048828,0.0019033233677012
test_B_00000680,1,0.13695238152979528,0.3817420302964636,0.8665666580200195,0.9071270823478699,0.0213742237107489
test_B_00000681,2,0.8414776366706747,0.9818596089668067,0.16734221577644348,0.23985262215137482,-0.0096360652332716
test_B_00000682,3,0.029073840470161372,0.02254051751712008,0.6577857136726379,0.7548186182975769,0.0018142274092285
test_B_00000683,4,0.4558803546708532,0.4659044478194213,0.3268830180168152,0.330631822347641,-0.0161132389129401
test_B_00000684,1,0.32914607332361356,0.6242694872732498,0.8764292001724243,0.9331098794937134,-0.0214175592688659
test_B_00000685,2,0.3555266292463557,0.014315757611925902,0.780271589756012,0.8389415740966797,-0.0138797175627256
test_B_00000686,3,0.1410659626851043,0.2831695787528033,0.12825819849967957,0.21679554879665375,-0.0086697708346501
test_B_00000687,4,1.9911502786708297,1.5720656581234738,0.21481651067733765,0.42468518018722534,0.0028326979744469
test_B_00000688,1,1.0845552527772497,0.10319052999232875,0.7963501811027527,0.7176639437675476,0.0004967029698124
test_B_00000689,2,0.1076550553931952,0.013406723813656212,0.4476301968097687,0.5393842458724976,-0.0141810993349
test_B_00000690,3,0.5164184903717342,0.06742717082003166,0.4805556833744049,0.6744470000267029,0.0170918670184341
test_B_00000691,4,1.9589649555937854,2.001261524421915,0.31191661953926086,0.49336206912994385,0.017965886533929
test_B_00000692,1,0.8911718606507293,0.28812036064162655,0.9337050914764404,0.9458381533622742,0.0140873880400456
test_B_00000693,2,,1.2901062471774323,,0.24248866736888885,-0.0120183735610656
test_B_00000694,3,,,,,0.0216001692903143
test_B_00000695,4,0.45486055169692463,0.9938883086375845,0.31761693954467773,0.36584237217903137,0.0064409696088459
test_B_00000696,1,0.21881934923283097,0.1174278236519217,0.8048491477966309,0.892607569694519,-0.0096713701162223
test_B_00000697,2,0.3817535784787651,0.2325583728993777,0.513613760471344,0.5548050999641418,-0.0110730997993829
test_B_00000698,3,,2.901610442437374,,0.6083928346633911,-0.0071563552270167
test_B_00000699,4,0.40887623147898466,0.20980272766035724,0.532121479511261,0.6367247700691223,0.0072017109451003
test_B_00000700,1,0.04572973853650808,0.0029141442193053578,0.8404192924499512,0.885886549949646,0.0005443845033098
test_B_00000701,2,2.723318994213514,2.3601975611546155,0.3381790518760681,0.3806864023208618,0.003003424450705
test_B_00000702,3,0.9219329453494538,0.3949967512952526,0.2629939615726471,0.35041099786758423,0.0215369173200145
test_B_00000703,4,0.1735979044128726,0.19227949998774893,0.4450967311859131,0.5479819774627686,-0.0007782105294735
test_B_00000704,1,0.3496847310981934,0.22463522189122948,0.36453768610954285,0.44550570845603943,0.0116690635581049
test_B_00000705,2,3.2885373366083286,,0.2308405488729477,,0.0108254082695775
test_B_00000706,3,0.14701060429877089,0.10884400246112369,0.645930290222168,0.6448208689689636,0.000727984274128
test_B_00000707,4,0.331102702391604,0.19683913728777874,0.513870120048523,0.5789191722869873,-0.0136708235013901
test_B_00000708,1,0.0827852886417304,0.319690813166457,0.2557103633880615,0.45163390040397644,0.0205534422383605
test_B_00000709,2,0.6831831441314762,1.362876572640174,0.2405763566493988,0.47206300497055054,-0.0080552380563391
test_B_00000710,3,0.8330466198367503,0.7911888388532436,0.5373567938804626,0.7645927667617798,-0.0092610393635768
test_B_00000711,4,0.9559100728886278,0.6615278396083867,0.5341129899024963,0.6445900797843933,0.0193292938396417
test_B_00000712,1,0.06956242894813158,0.016217709022600803,0.7687932252883911,0.8495268225669861,-0.0124924708341359
test_B_00000713,2,0.23798373519457527,0.16772336428857196,0.730313777923584,0.7452284097671509,0.017554765469687
test_B_00000714,3,0.020698292596534884,0.42279110112618723,0.2997559607028961,0.34489884972572327,-0.0105723290096119
test_B_00000715,4,0.0777378044660395,0.06549939766375926,0.2878310978412628,0.28095683455467224,-0.0002887935776135
test_B_00000716,1,0.7763507902630522,0.14776395481836288,0.3763450086116791,0.44572901725769043,0.0097972286234386
test_B_00000717,2,0.015744723584020903,0.2173147657053813,0.828831672668457,0.8756510019302368,-0.0010530873753868
test_B_00000718,3,0.265631367841479,0.2126547197673895,0.49931472539901733,0.5425819754600525,-0.0072694118226464
test_B_00000719,4,0.4661421147003466,0.30724384634458524,0.2216443568468094,0.2889605462551117,0.0119589665349264
test_B_00000720,1,0.6604840032763946,0.5564392055022356,0.9305383563041687,0.9512131810188293,0.0096129150486549
test_B_00000721,2,1.602574789901837,1.2984966606301473,0.7713425755500793,0.8952035307884216,0.0149841035572881
test_B_00000722,3,0.059009851266239366,0.07328457243607263,0.8399977087974548,0.9309905767440796,-0.0068560623036962
test_B_00000723,4,1.0341223758885008,3.2069513482069367,0.6692322492599487,0.46814510226249695,0.0075156700764085
test_B_00000724,1,0.4009337597216245,0.09150835874584293,0.33437055349349976,0.3098318874835968,-0.0116288988219951
test_B_00000725,2,1.6403184569260247,1.6078668387736084,0.1628774255514145,0.24484729766845703,-0.0026557585119894
test_B_00000726,3,0.08748065524150661,0.19943812852441448,0.6066964864730835,0.664553701877594,0.0167676905520419
test_B_00000727,4,0.1284225449016958,0.05527977669933563,0.30133816599845886,0.2994086742401123,0.0117837671209137
test_B_00000728,1,2.345385482395386,2.1823207947743892,0.698443591594696,0.7312073111534119,-0.0210698483949928
test_B_00000729,2,0.42310955285290675,0.3049642182062813,0.10439429432153702,0.12496323883533478,0.0074041840668631
test_B_00000730,3,0.059713197421956465,0.04630744360988352,0.5150177478790283,0.5206174850463867,0.0003987388987739
test_B_00000731,4,0.9963793590733871,2.4879875571557353,0.09021176397800446,0.33035343885421753,0.0180824502365391
test_B_00000732,1,0.3009117832530137,0.15711055981283004,0.4141167104244232,0.5243207812309265,-0.0052949483885625
test_B_00000733,2,0.2992677499190677,0.43513457389664834,0.7557876110076904,0.8445556163787842,0.010845689209203
test_B_00000734,3,0.7603412599434023,,0.26958563923835754,,-0.0030418197496825
test_B_00000735,4,0.34633831522836545,,0.05961411073803902,,0.0070497668703383
test_B_00000736,1,0.1839902236947637,0.3070209770093326,0.6242325305938721,0.7072737812995911,0.0197638482026501
test_B_00000737,2,0.2659088838173602,0.2981307436978787,0.9200409650802612,0.9627635478973389,-0.0049938709436952
test_B_00000738,3,0.7502169385841171,1.311728755112482,0.6638403534889221,0.8232720494270325,-0.0017577289532695
test_B_00000739,4,1.7519469272491506,0.47456313442103043,0.2166728973388672,0.2989560663700104,-0.0092297442233931
test_B_00000740,1,0.8805941340100389,0.8891309739202503,0.3273870646953583,0.37710824608802795,0.0038752460920613
test_B_00000741,2,0.022132172978786002,0.027535940488843415,0.7465934157371521,0.772314190864563,-0.0121939415413079
test_B_00000742,3,1.7897505391619006,0.11510615671836187,0.5058655142784119,0.5616329908370972,0.0156612184922025
test_B_00000743,4,2.653861673839799,3.372930400193117,0.10673953592777252,0.09655044227838516,-0.0093151990669802
test_B_00000744,1,0.16239259638052772,0.005793028930608004,0.3104235529899597,0.2987903654575348,0.0196743422483122
test_B_00000745,2,1.0439410043979933,0.26225863203957894,0.4953547418117523,0.8207007050514221,0.0085812812846883
test_B_00000746,3,1.3028876940538794,1.0592791682337674,0.08960459381341934,0.3650606572628021,0.0167328154659502
test_B_00000747,4,1.1284133120502702,0.9435331773278125,0.13153459131717682,0.43008342385292053,0.0017759127341421
test_B_00000748,1,,,,,-0.0211301182610095
test_B_00000749,2,1.3565184217260366,0.08936056534554865,0.45293092727661133,0.5327513813972473,0.0141898685744738
test_B_00000750,3,0.16376504728475538,0.20468220520068497,0.6027980446815491,0.7324336767196655,-0.0086128175492682
test_B_00000751,4,0.8243147351093967,0.7743635173202758,0.32344260811805725,0.31102314591407776,0.0197111399916792
test_B_00000752,1,0.023854568598380865,0.013954426506263216,0.9315059185028076,0.9308949708938599,0.007393214258868
test_B_00000753,2,0.5971670244722418,0.3085502183296409,0.690527617931366,0.8516361713409424,-0.0153076218893958
test_B_00000754,3,1.5626026230685284,2.028943336266792,0.09387613832950592,0.33084672689437866,0.0218129201672407
test_B_00000755,4,0.3621551777252989,0.293210047446861,0.4410932660102844,0.5283487439155579,0.0155493653530758
test_B_00000756,1,0.29654765785841164,0.35504748247885876,0.8703717589378357,0.8647792935371399,-0.0087387009962478
test_B_00000757,2,1.2734808915078588,2.851551599733734,0.7705435752868652,0.798154354095459,0.0051115674551311
test_B_00000758,3,,1.4761589199067973,,0.04934513568878174,0.0060827992006723
test_B_00000759,4,0.5650129348867665,0.5231889884573154,0.4618973433971405,0.6039496660232544,0.0133818445371248
test_B_00000760,1,0.09018414593310808,0.09330381597434788,0.9403054118156433,0.9434274435043335,-0.0079270055590267
test_B_00000761,2,0.05138183411565933,0.023992483222553696,0.5903534293174744,0.6509780883789062,-0.0130641286019508
test_B_00000762,3,0.17177561492326276,0.1832327073854917,0.36242514848709106,0.5768659710884094,-0.0219323489422913
test_B_00000763,4,0.2919248856604213,0.2533788441418117,0.5307134985923767,0.6356786489486694,-0.0141560971563939
test_B_00000764,1,0.04244334455484022,0.04546799815057901,0.8981809020042419,0.8981316685676575,-0.0001105301506127
test_B_00000765,2,0.19862699209124912,0.06107533318502743,0.8002409338951111,0.851169764995575,-0.0098602907731964
test_B_00000766,3,0.7881741719384081,0.30655328674588184,0.21902388334274292,0.3099732995033264,0.013979099469218
test_B_00000767,4,0.13438320632758405,0.4469139974408188,0.20104311406612396,0.26501497626304626,0.0213360317862079
test_B_00000768,1,3.0589839562990164,0.6067644345958599,0.8312304019927979,0.9185290932655334,0.0177041227613172
test_B_00000769,2,0.8316976583058704,0.48821697605088227,0.8320437669754028,0.8998181223869324,0.0077017367000345
test_B_00000770,3,0.12636388420264666,0.364001897474006,0.2028825581073761,0.13387371599674225,-0.0111740057588019
test_B_00000771,4,0.4286037689219029,0.4319515460204946,0.4580821990966797,0.4629965126514435,-0.0004651594955057
test_B_00000772,1,0.1602008175044034,0.41187076487578955,0.770267128944397,0.8086401224136353,0.0068003372530685
test_B_00000773,2,0.017233396227425146,0.2365125771210737,0.8269551396369934,0.8916724324226379,-0.011551671784265
test_B_00000774,3,0.1218689339825687,0.5819674842635383,0.5164228081703186,0.6366032958030701,-0.0096253446114158
test_B_00000775,4,0.24777563555733195,0.3015155237487315,0.5540831685066223,0.6978553533554077,0.0054053569009137
test_B_00000776,1,0.043922709661956105,0.023685317167719815,0.8843004107475281,0.9336656332015991,0.0017699721490679
test_B_00000777,2,0.8329716077790863,0.4651119864262913,0.5808663368225098,0.6542567014694214,-0.0106050920845033
test_B_00000778,3,0.024184470587670148,0.19048764682501138,0.585908055305481,0.6821393370628357,0.0147903330656774
test_B_00000779,4,3.2528192682380563,,0.05309731885790825,,0.0135207911221553
test_B_00000780,1,0.11723335391809542,0.1959431707156177,0.9132129549980164,0.9389567375183105,0.0048742624551577
test_B_00000781,2,0.46280507866399034,0.7006582964901078,0.7584002614021301,0.7847217321395874,-0.0045711971799371
test_B_00000782,3,0.6129129555508825,0.3747794379579848,0.3515286147594452,0.38816696405410767,-0.0102272948418768
test_B_00000783,4,0.8414889006396606,0.40693012793566685,0.5864298939704895,0.5902572274208069,-0.0086577310606188
test_B_00000784,1,0.39060174296810146,0.09286402276604887,0.8063163161277771,0.8690223097801208,0.0108048686655765
test_B_00000785,2,1.3739894253435523,0.1384677354096524,0.5074973702430725,0.6521111130714417,0.0163346988917905
test_B_00000786,3,0.4566308764628957,0.6617181121209244,0.5136203765869141,0.654289186000824,0.0091910981202604
test_B_00000787,4,2.09388376613515,1.4145609831538808,0.30441534519195557,0.4739977717399597,-0.0189431053572504
test_B_00000788,1,0.9732896235879025,0.9068362946549754,0.7865658402442932,0.8894293904304504,0.0107533840398326
test_B_00000789,2,0.08630728416585498,0.10556714731086533,0.7340700626373291,0.7472239136695862,0.0171595218742216
test_B_00000790,3,0.3769090977588121,0.44578387099274264,0.7259340882301331,0.8126081824302673,0.01645793299192
test_B_00000791,4,0.19545491955494754,0.18979563415268488,0.6700130701065063,0.6723666787147522,-0.0002098963336235
test_B_00000792,1,0.368592615225495,0.16881591302700852,0.7511671781539917,0.8905815482139587,0.0185712980139887
test_B_00000793,2,0.16922512047358396,0.12970592011525495,0.7726829648017883,0.7969695329666138,0.0169865218434635
test_B_00000794,3,,0.011707718374962376,,0.25168532133102417,0.0190283632683501
test_B_00000795,4,1.6499445897499072,1.7511206843959701,0.12422966957092285,0.14402532577514648,-0.0214456123309324
test_B_00000796,1,0.05363815896112101,0.05909101766872661,0.819511890411377,0.8999444246292114,0.0190521380496996
test_B_00000797,2,0.3216578182910439,0.3005536223965469,0.22633013129234314,0.2267785370349884,0.0007803150033051
test_B_00000798,3,2.625199863603484,2.4465014819126516,0.07907717674970627,0.044083695858716965,-0.0119038589597789
test_B_00000799,4,0.9644751259485247,0.0504883133356102,0.7633852362632751,0.8573587536811829,-0.011585753503024
test_B_00000800,1,0.26827017707125833,0.14988842465452948,0.8636340498924255,0.8639459013938904,-0.0006314110500421
test_B_00000801,2,0.7908802668266617,0.7768684600489809,0.28971031308174133,0.3276188373565674,-0.002523880680597
test_B_00000802,3,0.8000540334621178,0.7312147947575927,0.6818482875823975,0.8563740849494934,0.00116740658636
test_B_00000803,4,0.007422203582393649,0.5420199454368744,0.7139443159103394,0.7963137030601501,-0.0007191076767365
test_B_00000804,1,0.03256691108947507,0.04338341675458237,0.9273117780685425,0.9434133768081665,0.016657712363129
test_B_00000805,2,0.05594814554928007,0.16148868715990755,0.7042105793952942,0.7185860276222229,0.0078883183555474
test_B_00000806,3,0.26422735161906985,0.18242674919491944,0.7778976559638977,0.8906006813049316,-0.0127545274526852
test_B_00000807,4,0.7221385014804582,0.7500064530613643,0.6015219688415527,0.6506326198577881,0.004197426317986
test_B_00000808,1,0.4622461128519717,0.6887251209409418,0.8713801503181458,0.8773651123046875,-0.0010750883942792
test_B_00000809,2,1.5115470549452539,1.3034190904282514,0.2298637479543686,0.2853057384490967,-0.0016604198346139
test_B_00000810,3,0.29523102371410914,0.11729500918115507,0.6719850301742554,0.7633288502693176,-0.0047765201428527
test_B_00000811,4,0.06950889777726843,0.1355892079782794,0.5275329947471619,0.6655999422073364,-0.0075689852484316
test_B_00000812,1,0.5676045129580416,0.13259113625031616,0.30972757935523987,0.27617233991622925,0.0134935974930886
test_B_00000813,2,0.7649649792638229,0.8103064551450403,0.4599192440509796,0.6214695572853088,0.0126084844347606
test_B_00000814,3,0.5159500312711884,1.166409166620243,0.48204898834228516,0.6788334250450134,0.0090741143537938
test_B_00000815,4,0.3144756291832209,0.5272430681279505,0.3479219377040863,0.41437312960624695,-0.019984998537575
test_B_00000816,1,0.4152351499467386,0.27692816736366915,0.6399250030517578,0.8114539384841919,-0.0211117564986303
test_B_00000817,2,0.8731615582999552,0.8085012967730786,0.22416922450065613,0.31178149580955505,0.0090852003029707
test_B_00000818,3,1.8397453627753748,0.7625514512307838,0.2574622631072998,0.39186549186706543,-0.0157445311941914
test_B_00000819,4,0.5758097205738295,0.41299942621744157,0.6132000684738159,0.7732396125793457,0.0099526578398362
test_B_00000820,1,0.5061115319281271,0.16791885969927176,0.9169958233833313,0.9132475852966309,0.0033720114288592
test_B_00000821,2,0.7825940407467442,1.0876953103753615,0.23936612904071808,0.3603536784648895,-0.0062132484140729
test_B_00000822,3,1.5113540743985254,1.5160071375474424,0.13332214951515198,0.12312962114810944,0.0112213959519256
test_B_00000823,4,0.04482791655254914,0.3126596933068714,0.3863179385662079,0.5674546957015991,-0.0082462188284125
test_B_00000824,1,1.2651452450480747,0.7565421049063565,0.08733168244361877,0.20636825263500214,-0.014333311439045
test_B_00000825,2,0.06226186845560733,0.11719348483612861,0.7955707311630249,0.8736594915390015,0.0149021700700996
test_B_00000826,3,0.8411501802711427,0.026978586096412304,0.5304580926895142,0.43108275532722473,0.0080648950149615
test_B_00000827,4,3.012722452696096,2.41385925644116,0.071263886988163,0.11974956840276718,-0.0083882032689744
test_B_00000828,1,0.10068025880036657,0.44556075379020066,0.40494102239608765,0.4500479996204376,-0.0186775026854972
test_B_00000829,2,0.6154477768250786,0.6014829472466857,0.6865460872650146,0.6940174102783203,-0.000267018894829
test_B_00000830,3,0.25204542942395847,0.03026245693450899,0.7173840999603271,0.8059555292129517,0.0108552617844086
test_B_00000831,4,,1.6231416067721745,,0.7378363013267517,0.0062624690016343
test_B_00000832,1,0.38220197058512895,0.2122272115568003,0.9327090382575989,0.9463294744491577,0.0033831996249133
test_B_00000833,2,0.358647384902099,0.9143505455597062,0.10022609680891037,0.28317883610725403,-0.0059951985381182
test_B_00000834,3,0.6414049083100508,0.690238965472106,0.1649647057056427,0.20049698650836945,0.0195448274225464
test_B_00000835,4,0.5755489973798262,0.5232312698784918,0.3410215675830841,0.32185086607933044,-0.0130284826435041
test_B_00000836,1,0.11625456106594356,0.07361224420815385,0.7928650975227356,0.8704055547714233,0.0147620295580631
test_B_00000837,2,1.446253543543662,0.5003900758905663,0.5833600163459778,0.7824094891548157,-0.0171894057449368
test_B_00000838,3,0.05792701156053681,0.057845685037649475,0.5670693516731262,0.7037930488586426,-0.0032917781233596
test_B_00000839,4,2.26576933485444,2.5977294724381457,0.04664812237024307,0.17005133628845215,-0.0086778833988671
test_B_00000840,1,0.08381691577574202,0.10086583901549605,0.849019467830658,0.8766639828681946,-0.007168025197996
test_B_00000841,2,0.9112957655620448,0.37367417834740013,0.7306857705116272,0.820486307144165,-0.0117202480866542
test_B_00000842,3,0.1446257086774949,0.13593960477908557,0.7549383044242859,0.7877882719039917,-0.0035197040672742
test_B_00000843,4,2.5061664847933685,1.1709736074816819,-0.012133925221860409,0.1450144201517105,0.0213298292295807
test_B_00000844,1,0.14184638613699008,0.21950042308365747,0.9624621272087097,0.9619211554527283,-0.0140625521353635
test_B_00000845,2,1.0853389114181198,1.0629828898068034,0.6663644909858704,0.9043200612068176,0.0065773860964327
test_B_00000846,3,1.0129288702212307,0.5521416382331988,0.7924297451972961,0.9310125708580017,0.0149618631795997
test_B_00000847,4,2.2433413781117224,0.3722181072208621,0.4644641876220703,0.483448326587677,0.0198085073006876
test_B_00000848,1,0.41880587478419784,1.1409895623493034,0.2142089605331421,0.27409014105796814,-0.0041910545995561
test_B_00000849,2,0.2660810404206586,0.14949658695224097,0.7415630221366882,0.8050394654273987,0.0137453054715612
test_B_00000850,3,0.6920785058551928,0.3062662288064137,0.5934597849845886,0.7997831702232361,0.0053785550483777
test_B_00000851,4,1.3202204409701608,0.4948409867431267,0.30366048216819763,0.5555051565170288,0.0108230791122837
test_B_00000852,1,0.013112593787809601,0.08264422281951544,0.8582236766815186,0.8853291869163513,0.0129963588826445
test_B_00000853,2,0.10102078181444085,0.3237026845917834,0.6084980964660645,0.7896092534065247,0.0142460297536921
test_B_00000854,3,1.0645414228592927,0.8598536249750227,0.6009626388549805,0.7830897569656372,-0.0122848794883263
test_B_00000855,4,2.414279832338366,2.032265252257784,0.4218328595161438,0.5152906775474548,0.0200309685136889
test_B_00000856,1,0.16725458491981726,0.006615571176496615,0.8547696471214294,0.9158607721328735,-0.0185838678795129
test_B_00000857,2,0.28237097529859057,0.3459673316654258,0.8515579700469971,0.8803743720054626,-0.0038839239656668
test_B_00000858,3,0.04447516068012192,0.0004428763840894645,0.3138201832771301,0.565280020236969,0.010933676995742
test_B_00000859,4,2.4126376071229174,2.3234052404192207,0.21734759211540222,0.22425325214862823,0.0041950128729021
test_B_00000860,1,0.8001241962263066,0.7820037374356128,0.6742057204246521,0.760784387588501,0.0071270949364787
test_B_00000861,2,0.005647897959079273,0.32727056670099264,0.8567802906036377,0.9027729034423828,-0.0074800989455648
test_B_00000862,3,,,,,-0.0091482564813808
test_B_00000863,4,0.42747685679580627,1.1682186778923713,0.5796599984169006,0.7302484512329102,0.0010083006293698
test_B_00000864,1,0.2400112227489899,0.17774735627371022,0.4570889174938202,0.5423319339752197,-0.0189128060504893
test_B_00000865,2,1.4726479990401913,0.23139485947813077,0.2994895577430725,0.2210015058517456,0.0017469956195055
test_B_00000866,3,1.783433954712109,0.4200488897738819,0.31273192167282104,0.35517939925193787,0.0148313178348757
test_B_00000867,4,0.9843456994701683,0.9013985593541681,0.12550491094589233,0.16048841178417206,0.0208351844653116
test_B_00000868,1,0.4204837737440812,0.41602232436142034,0.7432942986488342,0.871828019618988,0.0025054785517087
test_B_00000869,2,0.3023247193898442,0.3245295985344321,0.6593334078788757,0.6597039699554443,0.0146555970872542
test_B_00000870,3,3.545204970815689,,0.19841836392879486,,-0.0084563437955896
test_B_00000871,4,0.47768261214366703,0.1954238064218227,0.45413002371788025,0.5312237739562988,-0.0133659360749063
test_B_00000872,1,0.11454648237463516,0.2086019491820147,0.23306776583194733,0.42253315448760986,0.0212498906556446
test_B_00000873,2,1.0598470011705103,,0.11248137056827545,,0.0057772297133945
test_B_00000874,3,0.037434732539907145,0.011608887299069238,0.8207734227180481,0.8343706727027893,-0.015686048665042
