arm,found,err,secs,score,net_score,s_err,r_err,severity_continuous,drift_jitter_px,speckle_sigma,magnification,rotation_deg
baseline,1,255.10474571509783,2.856959199999892,0.1701678186655044,0.5703276991844177,0.0115199451759462,0.0426778855470704,0.9049141050417846,1.908094858822256,0.3228803189277582,9.49102344049826,1.0655902455504354
baseline,0,,3.3662311999996746,0.0,0.0311666131019592,0.0460007537561727,0.9412721402992988,0.1372226812456656,0.80886616042848,0.1045581258990239,11.411196272952017,2.196379106297112
baseline,1,0.1383718017975789,3.5115192999996907,0.7377294898033142,0.8769279718399048,0.0045431925008002,0.0582267000977445,0.444042055512947,1.4072132703207405,0.1665380677788193,10.018640567257927,-3.311588693404064
baseline,1,0.332977038453332,1.5019553000001906,0.7644484639167786,0.8988329768180847,0.0088052378233359,0.1579666895778025,0.3254010244297363,0.9236018216904408,0.1803233394841164,9.83870914738728,0.0092175804247212
baseline,1,638.6225548875052,3.671534200000224,0.1512843519449234,0.2411620914936065,0.1281738721115498,0.0350644862544688,0.7969857368983793,1.823268589716355,0.2320452601668198,9.176141599903504,0.1557998952416195
baseline,1,0.5147989368558937,4.097364700000071,0.4111833870410919,0.4111833870410919,0.0083643225114124,0.1432310282432367,0.8475004635005042,2.0673265065046924,0.2769098092617813,8.600568014555172,-2.34648327574555
baseline,1,76.94891944049897,2.771114099999977,0.4536987245082855,0.4536987245082855,0.0021303733723529,0.0548822511184469,0.5111714067918112,1.4921886046072814,0.249824436451156,9.319657014881518,0.1568844908847495
baseline,1,419.52256476639855,2.430807799999912,0.2168809026479721,0.2168809026479721,0.184837018760088,0.0458130283282182,0.6025714352565735,1.307436253240531,0.2333487019394527,10.86064881550194,0.326463477828681
baseline,1,4.335544242536506,4.260705000000144,0.4952219724655151,0.8066955804824829,0.001132068988325,0.0704390599949149,0.951755140545479,1.9040428318269236,0.349668635634239,11.74599189563978,1.6520211954999198
baseline,1,1.0203523058449304,3.5941859999998087,0.6093642711639404,0.8632761240005493,0.0140310054367168,0.4546446737128121,0.5900388561449023,1.7786183658552734,0.2564039197967782,9.950697700775716,-0.6487613027112138
baseline,1,1.6502701565772364,4.046048400000018,0.5078915357589722,0.8889507055282593,0.0223912497301885,0.5210015677206066,0.6294523799520266,1.7556593026554188,0.2841902191580422,10.16120390255404,4.362280005279141
baseline,1,0.1332938527850988,1.816537000000153,0.7898532152175903,0.9099915623664856,0.0085279380742411,0.0816489801555446,0.1043371100026838,0.399808192426373,0.0581115882625711,11.29739797446924,2.1380111323455067
baseline,1,0.4838499407728441,1.497115599999688,0.4282880425453186,0.4282880425453186,0.0016661079740036,0.1145413745552179,0.8450664427757213,2.0067364521988025,0.2906976195965105,10.44972827758507,-2.577254692945413
baseline,1,0.2553142285439739,1.1475633000000016,0.8147905468940735,0.9640924334526062,0.0131370299057939,0.0904935835774916,0.0850400528096014,0.2891923805124181,0.0365705464676042,11.873492016601933,2.315389787424107
baseline,1,1.906245442069772,1.750571300000047,0.3828015923500061,0.8738557696342468,0.0017971841791584,0.1664261398262621,0.4789044963684433,1.4258880945826016,0.2052617575690754,10.000627716097227,3.744756027828954
baseline,0,,1.9509256000001187,0.2318651378154754,0.2318651378154754,0.1596066918809204,0.300322458756677,0.8230243352037783,2.141523033260723,0.3019140029747675,8.014315411714467,-3.0812834702586542
baseline,1,0.4118382893670097,0.7518341999998484,0.7563849091529846,0.7563849091529846,0.0002923205307757,0.0084372337233658,0.2669016206881603,0.8085832868855639,0.1079888658770645,8.60820483629539,0.9632336377196644
baseline,1,0.1452875955483118,1.9597506999998584,0.3479402065277099,0.4914511442184448,0.0122725493766582,0.0331756969483638,0.8225803908718494,1.6123438399809118,0.3104070176164061,9.860563401507928,-4.966824303051636
baseline,0,,2.2288682000003064,0.0831618085503578,0.0961577594280242,0.4127974285599969,1.3097309720711232,0.9935502874992408,2.261303567166945,0.3384127460477397,8.49378669398562,1.857876253575624
baseline,1,0.2307320060837728,2.082018600000083,0.5288783311843872,0.8646494746208191,0.0169888095264452,0.1271428078670953,0.5405648213088761,1.48306909270304,0.2356939423652277,8.33035774567133,-1.086633933632358
baseline,1,0.231669952741579,1.987679500000013,0.2378116250038147,0.7054781317710876,0.002702614137989,0.6229890952623824,0.8500890557068702,2.217904773154875,0.319259570833163,8.775157050225172,2.170513252763855
baseline,1,0.546987459220575,0.75350810000009,0.7365085482597351,0.919223964214325,0.0243622891438569,0.1687907292710986,0.2021871516059292,0.8520473774577119,0.0453114022324539,8.073786680408912,1.4133732012717717
baseline,1,2.659847114723968,1.355786099999932,0.5727172493934631,0.8209425210952759,0.0068251016814292,0.2744631687055496,0.5979121550483703,1.4688710597740926,0.2378665996454916,8.790610718889132,2.265327550201638
baseline,1,50.14877046251221,1.5524539000002733,0.1164881512522697,0.1164881512522697,0.0147644610573851,0.0235420973412956,0.766662910510106,1.8539765292256616,0.2792010652719721,9.621491085495734,0.8230503741556339
baseline,1,0.65051703470685,1.3875268000001597,0.7094680070877075,0.879284143447876,0.0168451125515382,0.1617548295178716,0.5714965726745685,1.350871769423879,0.1568587485401277,8.796336452613502,1.5549635974823808
baseline,0,,2.1374848999998903,0.1383513957262039,0.2134210467338562,0.1930763481668426,0.3457556947754789,0.6165793396977368,1.459978486565347,0.2375672359447658,10.058031925985253,-2.3237491367248158
baseline,0,,2.3077543999997943,0.0,0.0343139357864856,0.0247493626522847,0.2616242848300241,0.1081335613744209,0.3784898432107242,0.049771825722391,9.685175633292612,0.6754010263294772
baseline,1,0.3617223140208598,2.4632526999998845,0.739295482635498,0.934580147266388,0.0020461052281919,0.1552366083374274,0.3220701894259296,0.7539654929114377,0.1721491121209104,10.922546982240211,3.777889683661563
baseline,1,5.444317833570791,2.208283500000107,0.533002495765686,0.8044163584709167,0.0283518168939997,0.2082692235035645,0.3666672651036461,1.3190586778219264,0.1609610636003671,10.661364695889269,1.2968130435018823
baseline,1,0.400466661876938,2.29397310000013,0.3025264143943786,0.7254719138145447,0.0059917276345542,0.065826807381023,0.5543036180819259,1.5988384388749315,0.2369831474940505,10.654900610529934,1.164357799117168
baseline,1,3.464561787148641,2.361259699999664,0.402078628540039,0.6535097360610962,0.0096870563893972,1.0999235081889651,0.8650946182777292,1.8871817884925437,0.3125753253980572,9.747660154791433,-3.7372337336948114
baseline,1,1.0164176240641858,2.0510221999998066,0.2144776135683059,0.7623192071914673,0.0037251171901693,1.8750401642141208,0.9696614929984936,2.170297967291969,0.3535970893397265,10.111711695948536,-1.7249598357858795
baseline,0,,2.028529499999877,0.0,0.1479841768741607,0.304326187634992,0.5028536318633658,0.2168066781709269,0.7877289233245212,0.0815869290968563,9.200152625746504,-2.500843632367109
baseline,1,0.2908426744800287,1.9787015000001704,0.5211672782897949,0.9184041619300842,0.0001700045358989,0.0942802132772504,0.6502156073370958,1.6817432230202196,0.2181373718238575,10.008278385998354,2.6438143702749795
baseline,0,,2.15555540000014,0.0,0.0489837527275085,0.4624223242403047,2.7326368981080438,0.4266786894031348,1.195211756009062,0.179971502754509,8.181094951684251,-0.4450718658916202
baseline,1,0.1094283090928764,0.9866031000001384,0.7254059910774231,0.9079478979110718,0.0150308222184454,0.506996914920131,0.4005396887364942,1.2250617392229444,0.1239936191156391,10.55098352643432,2.3135014099247577
baseline,1,0.3604852413252442,1.5083127999996575,0.4081449806690216,0.4081449806690216,0.0308037263084857,0.4280290531220592,0.4238530964878224,1.065705675757845,0.1822017121499581,11.539810605661094,-3.780485441378824
baseline,1,0.1709095806494107,0.9226736999999048,0.8070023059844971,0.8070023059844971,0.0104349087830365,0.1240519186061157,0.1249799768040208,0.5131466881881355,0.0818363726017256,9.561810780290717,-3.5528476496110786
baseline,1,0.4975531858744221,2.1985036999999465,0.394616037607193,0.6889979839324951,0.0269137761303387,0.0675758183313135,0.5090092234469041,1.501238760008911,0.2246465468636337,8.345586098335382,-3.5731486273313973
baseline,0,,1.725846199999978,0.0,0.0570157021284103,0.0973219113584638,2.018302271018244,0.3355867153350628,1.1505008963200338,0.1463807064802519,8.862517104009259,-2.659632495516603
baseline,1,0.1814547160931806,1.4978057000002991,0.5680919885635376,0.5680919885635376,0.0223157173996644,0.2904879583813762,0.0966219726052041,0.8460505868905854,0.0782057547335737,11.11763958379126,3.449157733883016
baseline,1,1.075803317543095,2.0576305999998112,0.8001850843429565,0.8001850843429565,0.0021375854190852,0.044346256711108,0.2607578464297309,0.8371611819471614,0.1285740059799663,11.839997889463817,0.854102999218048
baseline,1,2.927006368710855,2.2191342999999506,0.4814568758010864,0.6856017112731934,0.0056467655579814,0.1445528983868628,0.9200897905519618,2.0214100115238054,0.3267642079039862,10.393358028614236,-0.1346495283927513
baseline,1,1.0205585557020806,0.9124636999999892,0.7449887990951538,0.917994499206543,0.0053135058923592,0.0279618101501242,0.4886298775442703,1.0419115488032236,0.2088080233376365,9.871908800177447,4.094639987851727
baseline,1,1.7762360024285255,1.985431300000073,0.3222240805625915,0.7703405022621155,0.0313268670923118,1.241623095507992,0.760416237080882,1.9188063898301049,0.2886654093305845,11.49650905917733,2.960351522004501
baseline,1,1.0352342894961997,2.0175497999998697,0.8795108795166016,0.9451186060905457,0.0046004356880022,0.13647991343338,0.1107868912692032,0.6617693458965095,0.0683174847619836,8.077927496020909,-4.2365877275707415
baseline,0,,2.5697079999999914,0.0503075197339057,0.1029653921723365,0.3739928793976246,0.474461355449113,0.8307354033262996,2.161368676837917,0.3031748551932651,8.016742697517865,-2.596442029447936
baseline,1,0.6077957346138738,2.2433860000001005,0.274967223405838,0.5246224403381348,0.0051678208061331,0.0161371954613122,0.7727880960554128,1.7200613493171826,0.294857192127389,8.763592241444627,0.1530570740374681
baseline,0,,2.111301899999944,0.1152244359254837,0.1152244359254837,0.0104639444689777,0.1594494990245918,0.7300289183282617,1.5711007212683978,0.2675441715697036,8.459441855886885,-2.5376088154746093
baseline,1,0.3200353922965597,2.288935900000069,0.4998914301395416,0.9354574680328368,0.0045464236176005,0.3287570152493846,0.0595578423237984,0.5376032303504972,0.0267671923498079,8.765006715198055,0.7739606112530861
baseline,0,,2.443813599999885,0.0,0.0428627878427505,0.0414697273974337,0.1634251607678101,0.5144191779892372,1.4499487449548265,0.2363591838981446,10.425410070776213,1.1056870712707123
baseline,1,1.5028856225948517,0.7712653999997201,0.7705993056297302,0.9661806225776672,0.0175289668789444,0.0353638557583906,0.4100461594392843,0.9671323761363428,0.1689759344000778,9.005383425808393,-1.3908007517472876
baseline,0,,2.4465251999999964,0.1912654787302017,0.2184666693210601,0.0726801619735041,0.6197292621658437,0.9716241970002104,2.2839622562181874,0.3478093181612834,8.89083950113524,2.180891861837184
baseline,1,0.13874463600375,1.4640180000001235,0.5732483863830566,0.6255543828010559,0.0053356257064648,0.0278153435521097,0.9936929429959346,2.3520000000000003,0.3524818029923889,8.384265795418418,2.006145231554801
baseline,1,0.0923398329796068,2.2120727000001352,0.724073052406311,0.9287003874778748,0.0002880163888672,0.0872600926545041,0.1262901559746309,0.5918459900107994,0.0860596623239194,10.633099606641304,2.4517495703460845
baseline,1,0.2779252198849385,0.7651817000000847,0.7424501776695251,0.7802276015281677,0.0213476337941796,0.0788833790097207,0.1555989653575922,0.8347822749924216,0.0948928737882406,8.750463554171505,2.764174951505725
baseline,0,,1.3930194999998091,0.0,0.1752409189939499,0.273063953261595,0.2131314277231951,0.0391543041549193,0.5613922053783561,0.0100506986253867,11.005094651577895,0.4269081692226484
baseline,1,0.1575218206691767,1.1454249000003074,0.7556708455085754,0.8839626908302307,0.0008235732531565,0.1788820153586342,0.0136217921183438,0.3674546938085463,0.028474549086847,11.249767507497468,0.1900276333588024
baseline,1,0.1528967754354832,1.726401099999748,0.5505502223968506,0.8328158259391785,0.0009740834209775,0.1434701607728843,0.3073960196953312,1.1826776941869197,0.1726464525558583,9.35489758719068,0.4103438687738938
baseline,1,1.02192934405945,2.385583300000235,0.8091013431549072,0.8987060189247131,0.002914678600525,0.049471355667694,0.2704553872876204,0.7322582747667205,0.0955822617164702,8.978045388315183,-4.525606284832684
baseline,1,0.884085426353733,2.4269187999998394,0.4391787648200989,0.8454912900924683,0.0026464055191231,0.8043150793732705,0.6911586410255594,1.7808457313299848,0.2693105969938621,10.827818843538612,2.145334741870116
baseline,1,0.537144281902888,0.8351579000000129,0.8236451148986816,0.930083155632019,0.0021696014755266,0.0374704140692165,0.0789716449151795,0.768178726749485,0.0652692112318373,8.621238941940954,-3.592714192428975
baseline,1,0.3904071326190827,0.9145350000003418,0.7342337965965271,0.90517657995224,0.0281970239372863,0.1767667211585048,0.0861669339304618,0.2649813362930346,0.0698710507803939,8.471957222267712,-0.3131452606598088
baseline,0,,3.0936377999996694,0.2528562545776367,0.263750672340393,0.2194830664743126,3.3759086877193645,0.9835462209911332,2.3520000000000003,0.339281686631147,9.719826051930887,3.29587936222193
baseline,1,0.5972285130547714,2.245681599999898,0.7036762833595276,0.7036762833595276,0.005522901210709,0.0786483088659435,0.423409243126547,0.9956141591694514,0.1440535690498577,11.676213261776548,1.103570668365565
baseline,1,0.2317242356194145,2.4455603999999767,0.6166098713874817,0.665156364440918,0.0067259508206013,0.3236140662094309,0.436813783534103,1.284994152191103,0.1765200501990998,9.409807168396451,-1.8075022262933027
baseline,1,0.782167409677331,0.9108360000000176,0.7365390062332153,0.941836714744568,0.0037819554182534,0.1407808763688621,0.3606164527995321,1.087813472079256,0.1644099964430107,9.398778663614014,-0.320209460630549
baseline,1,0.4243116238221183,0.8995697999998811,0.7337068319320679,0.918584167957306,0.0261492283995948,0.1280878462947028,0.2010382226161131,0.8392757285226391,0.1309576787220533,10.01430525302073,-0.74730035620719
baseline,1,0.2858519016994035,1.00006570000005,0.8240383267402649,0.8465901613235474,0.0035885628728289,0.0517435010342427,0.22066018899622,0.3807830825225012,0.1400748316091328,10.053305520602835,-0.903052902962056
baseline,1,374.6525447347273,2.253177499999765,0.1161740720272064,0.1161740720272064,0.1984308598658823,0.2160845353452476,0.6862120797573361,1.5429849493937833,0.2808402472589481,10.300710539080324,4.352463074846551
baseline,1,1.0871357699431694,2.2435064999999668,0.3216319382190704,0.8422331809997559,0.0127995671013328,0.2323771289109482,0.5839291016979257,1.629147624152249,0.2084695529185453,11.458399558378948,4.516663701658825
baseline,1,1.1710612222519885,2.3072965999999724,0.5156233310699463,0.8512548208236694,0.0058327453388097,0.0984596713847341,0.7312997571092177,1.7982265566363875,0.2480960277545966,9.4054710061108,2.512236412884187
baseline,1,2.0715520496431283,1.465968200000134,0.4726852476596832,0.8453416228294373,0.0212769204049148,0.0855537444389763,0.6746430293764356,1.5228087153082086,0.2402061389455817,11.23455519736886,0.0966993624391445
baseline,1,1.2557677818797697,2.170864100000017,0.3026330769062042,0.3270074129104614,0.027081743734704,0.212813892243477,0.6969422994280638,1.8024174248712084,0.2474404795962892,9.736801085663442,-4.083707599237
baseline,1,0.5338765608315696,1.5043605999999272,0.7747551798820496,0.8411678075790405,0.0124445461607968,0.1493385230185051,0.2459261163238969,0.7508264296061046,0.1351040027209042,8.690001740372077,4.090358185515351
baseline,0,,1.925330600000052,0.2958135604858398,0.3649455606937408,0.031429092083771,0.5508983725467322,0.6257905052356837,1.390991048752764,0.2592460225089172,8.826980871703576,-4.548267249047448
baseline,1,0.1592614715652746,1.813576799999737,0.6227444410324097,0.9399969577789308,0.0175101018497191,0.3037254874888013,0.250457265949557,0.907815937479798,0.1302625691892143,9.177759869101877,-4.208677172485857
baseline,1,1.7504850608265932,2.31140030000006,0.3587187826633453,0.8848685026168823,0.008109036564979,1.3295696592828887,0.5744555908041418,1.4094428227497182,0.2697438070851076,10.82079479897547,0.509129441716186
baseline,1,0.4407091942061716,1.6777845999999954,0.6528488993644714,0.6528488993644714,0.0141614742473861,0.1671211754646808,0.314775008272031,0.8451546408792586,0.1449552663403774,9.705470097468076,-2.31415039803881
baseline,1,1.2115542558037975,0.8789787000000615,0.8520223498344421,0.9235975742340088,0.0024588621741612,0.0165674656828964,0.2312972594822478,0.8856120003584189,0.0989454657381171,8.711200485073466,2.139169263684747
baseline,0,,2.0563544000001457,0.0121158761903643,0.0121158761903643,0.1411628038900866,0.0405464060127785,0.3900044071934001,0.9438897538331747,0.1280421994277878,9.520251594025872,0.058521907982679
baseline,1,0.8870149725778741,1.4499765999999,0.5591103434562683,0.872525155544281,0.0062366225744902,0.4964088140200131,0.3360490993793112,1.0851487754917892,0.1571783754569946,11.311045219833154,0.8321662295182888
baseline,1,0.3052411485456378,0.8434422999998787,0.8462441563606262,0.921543300151825,0.0030033756891055,0.1354082518810796,0.1482595599290562,0.5285552309498187,0.0506439366603339,8.599450826223189,-0.7983391641209394
baseline,1,2.243748325868717,2.3824079000000893,0.3611398637294769,0.7135520577430725,0.0025994914641749,0.8187438593376264,0.6714524113973264,1.742468760874315,0.2487012006332408,11.820000165054031,-3.6088096236612808
baseline,1,1.9337807003954108,2.445041799999672,0.4849518835544586,0.8511884808540344,0.0099705819128306,0.1631174862187502,0.6815044875620497,1.937050652103084,0.2729949958771403,10.113971808948715,0.061183749277843
baseline,1,0.9644260129465944,4.105991400000221,0.3305284082889557,0.8096427917480469,0.0022705265738067,0.3204135332998228,0.9602592306903798,1.964102897471685,0.3555590456406409,11.717659321751947,-2.2975011732964576
baseline,0,,3.887742100000196,0.1381235867738723,0.1381235867738723,0.0427640946543943,0.0816092516810694,0.7935430754762015,2.121601489809174,0.3584,8.431474259471333,0.2848614991833829
baseline,0,,3.987822999999935,0.0,0.065809279680252,0.0391678380529062,0.3683581409239105,0.5039375856321803,1.228583570578127,0.2152364977796718,10.701968883321994,2.760464770426055
baseline,1,0.1976054146554871,4.159141900000122,0.4551143646240234,0.5951643586158752,0.0093513633300314,0.0169136332434423,0.5501170532397845,1.5233479521177573,0.2384414083557612,11.49583591364184,-2.805146891240246
baseline,0,,3.978997199999867,0.0729775428771972,0.0729775428771972,0.061311123278952,0.0745902611825375,0.3331490318023892,1.103301784655481,0.1236411829198222,8.523094485466487,-4.859157154819482
baseline,1,0.3564358611656611,3.965460400000211,0.461861103773117,0.9114636182785034,0.0084851323267715,0.022176664912626,0.4135607911062654,1.2847122879710111,0.1873005975064568,10.58781262414663,0.8998040090861963
baseline,1,456.5876406466699,2.90714109999999,0.1928944438695907,0.1928944438695907,0.0301510567154924,0.417171722443618,0.5036959712660268,1.2769086672457022,0.1731953745409443,11.83687142431495,1.2820354309483708
baseline,1,80.65263194941676,4.214261099999931,0.1384438574314117,0.4806538820266723,0.008649317492399,0.2520305782417203,0.9508727699091688,2.0342744336836844,0.339338662881847,8.9435994509562,1.206826982238019
baseline,0,,3.5716991999997845,0.0,0.1007106378674507,0.0109005867647819,0.1729021130260339,0.2718340185393539,1.0757661010574515,0.1351734554461249,10.004964771850837,1.018583392473083
baseline,1,0.6074732481332664,2.0032713999999032,0.7216504812240601,0.9025092720985411,0.0008526006567953,0.179750139140177,0.3686016116626575,0.7084465099677013,0.1283371260044121,11.21936045719913,-3.3495655326419858
baseline,1,0.1732196117965863,3.9312211999999818,0.5039351582527161,0.8693485856056213,0.0050843104462251,0.0137338051972744,0.5775921165768688,1.586919416159873,0.2148860956291631,8.115637528834549,3.93370447969984
baseline,1,0.4511732561633959,4.111235500000021,0.6114307045936584,0.9604305624961852,0.009376689296359,0.2172204260599589,0.2196348811596937,0.6558868048084934,0.141944583513133,9.887301706333249,0.861802898060632
baseline,0,,3.992257899999913,0.0439558662474155,0.0439558662474155,0.1429974083120864,2.712942674215861,0.1574629480914142,0.5304882120508893,0.0901350281431716,11.473709446641678,-2.000244246208122
baseline,1,2.901853093935959,4.212278199999673,0.2460462749004364,0.6248531341552734,0.0277098485571828,4.236223211828521,0.997258732994826,2.3520000000000003,0.3584,10.322743706109932,0.6063492606758949
baseline,1,1.8243642417185992,3.762962499999958,0.3685614466667175,0.6000730991363525,0.0009369701501239,0.5868252800247105,0.7310697022093269,1.7541717479803676,0.2940148759597733,11.251439864373468,-2.245805617527865
baseline,1,2.250785336978499,3.946813900000052,0.115408219397068,0.115408219397068,0.0020849660821889,0.4745010648777468,0.5927021974106986,1.3417358469265654,0.25171418112672,8.082585304353247,-4.118462412875392
baseline,0,,3.7679997000000185,0.199131041765213,0.3094075918197632,0.0099157339165072,0.5129630471823097,0.9524666126311974,2.2801072173904995,0.3350674447953783,9.534217201812304,1.3352542831826462
baseline,1,0.0792004887064143,1.4823795000002065,0.6106154918670654,0.9303714036941528,0.0050315148377421,0.0226628255583598,0.6346562956116792,1.5586329920426916,0.2639769241855021,10.699918914089729,-2.9039343990618507
baseline,1,0.4239848373165586,1.8855210000001532,0.7882494330406189,0.8793163895606995,0.0023172373089583,0.0628048927972715,0.0580356663987126,0.5589647446457013,0.0685855548445964,11.548682297282037,-4.037505669204242
baseline,1,0.3611547527964887,3.843790400000216,0.5748372077941895,0.916975438594818,0.0015135914811734,0.3979037730294676,0.5514938475335507,1.206150465903158,0.1716648817510803,11.789927172657183,2.131030065028458
baseline,1,0.3569834744289859,4.005794600000172,0.3029510974884033,0.6576908826828003,0.0014683304301153,0.0414603332053817,0.7938991090051583,1.8674174220002075,0.3381338560466869,10.414562297155625,3.235937868792768
baseline,0,,3.900109799999882,0.1092138364911079,0.3908793330192566,0.0161090296969943,0.4365262475648772,0.814684598058097,1.7387118898339782,0.2945302365590423,11.286386139415182,3.9526235505621017
baseline,1,85.20859423732887,2.864014999999654,0.652672529220581,0.6801915168762207,0.0069406346861759,0.0240477321491292,0.5429667144328486,1.2395029797769437,0.1991419358217062,8.46871289706886,3.021155863854572
baseline,1,71.57321498362387,3.956097900000259,0.0604261308908462,0.1935574263334274,0.0471546489747185,3.615850362592911,0.6378859620592382,1.4704864469375092,0.2333771335696522,9.384874975652432,4.437520474590219
baseline,1,2.7335351339076195,3.317178700000113,0.2213431745767593,0.7375772595405579,0.004991673557059,0.5643997401420544,0.9447058286842164,2.2598265292405544,0.3584,8.817111911214212,0.866720301639825
baseline,0,,4.268620300000293,0.0,0.094571366906166,0.232505137455378,1.143246813342376,0.4441214547712172,1.2272675702220437,0.2148496240345262,11.65515576842956,-2.853460745338002
baseline,1,0.1786684501649937,3.7743623999999727,0.4569068253040313,0.6796777844429016,0.0150682641775938,0.2154026493593978,0.5842677091816445,1.5386949283243712,0.1864787238307743,9.4318030059894,1.171441301361753
baseline,1,1.064224358311958,4.008464199999708,0.3520167768001556,0.9431753158569336,0.0229724940538104,0.5995510503774977,0.8050887998928057,1.8670524297753213,0.2949238986178938,8.1463778099091,-3.802803297879811
baseline,0,,1.7213712000002488,0.0,0.0155250681564211,0.0005666076908941,0.5832669506118142,0.2044170360690231,0.5462998521298623,0.1252813195326769,11.588475501241268,4.905868748613665
baseline,1,0.6461358643293494,1.2582072999998672,0.8235828280448914,0.9353490471839904,0.0003674270540401,0.0052279340935137,0.4032477547589059,1.0564209032738074,0.1593206556778096,8.197227611998079,3.994082316093346
baseline,0,,4.139660600000298,0.0,0.0275652334094047,0.1279195389474084,0.884642801854219,0.0893432603933145,0.5128580110022781,0.0575104642564276,8.94634708645476,3.375726411142164
baseline,1,995.7865135054724,4.033239399999729,0.2799072861671448,0.3298457860946655,0.3187755658718247,0.0612457571088125,0.1426469404341253,0.450867209937192,0.1182796275533252,11.743559977026258,-2.7392650831099905
baseline,1,0.8934503889809473,3.8733853999997336,0.6722787618637085,0.9040098786354064,0.0372293387838633,0.2252295929127168,0.081005534978212,0.4452267261133803,0.0289424726680074,9.86515649198356,3.9281779355903534
baseline,1,0.176025622416281,4.720316299999922,0.6235547661781311,0.9248436093330384,0.0038088832474131,0.248653568229132,0.0744556741733951,0.5976554526053323,0.0579116010458764,11.26782492316493,0.2624303097285851
baseline,1,0.9418138667550834,2.9518750000002,0.4408456087112427,0.5460168719291687,0.0068055218867872,0.1585797766844043,0.2939378731113607,0.96101931399214,0.1441819725116191,11.730325288639314,4.761153649560233
baseline,1,0.8207204240748402,0.8154684000000998,0.7215861678123474,0.8877875804901123,0.0031935219657601,0.1789349758275431,0.3456031024270692,1.2354461254359088,0.1452845048064399,8.427430866382053,-4.718744462674685
baseline,1,0.2152676098739753,0.822047399999974,0.7266151905059814,0.9873742461204528,0.0039481129995735,0.0621870676145404,0.0149537418428457,0.3860308446513132,0.0561148051241159,8.99208686252668,4.63549237088769
baseline,0,,2.244653700000072,0.0,0.0554032325744628,0.0670173894485366,2.5634117350521386,0.1252940651907635,0.2424911868736017,0.0389644484955239,11.07779537311446,-3.7293537570486057
baseline,1,0.0822520777807814,0.7306303000000298,0.7594668865203857,0.9689469933509828,0.001306923077459,0.1380822636285885,0.0842826960233755,0.4631926779408056,0.0873687255802869,9.0714390603859,3.252169567129556
baseline,0,,2.790107999999691,0.0876820012927055,0.3946867883205414,0.0099128612185324,0.0357530169692217,0.9733916623746486,2.183455724106587,0.3363178360421872,11.100443251680211,0.3695004329712406
baseline,1,1.9289373471657087,4.840035900000203,0.392146348953247,0.7749494314193726,0.0080877852796319,0.0172878117448815,0.7469380160681318,1.713300459998341,0.2507700073880531,11.346810999641736,4.266998761002995
baseline,1,552.0039193670093,3.846682700000201,0.3038550019264221,0.3038550019264221,0.1089832834478334,0.1041604276078964,0.8594775900185344,1.9474502205067747,0.2868628458125024,9.30966504237268,1.7404220443927765
baseline,1,0.4393838513966092,4.271180000000186,0.5196358561515808,0.9183766841888428,0.0009147563187842,0.0161273222678612,0.3200802012419692,1.2640887973603083,0.1235818669661329,11.103198394247416,-4.05012526173012
baseline,0,,2.8025032000000465,0.0,0.0616234205663204,0.1155033311016116,0.0683307570379607,0.0510866571280004,0.3661242739925743,0.0429611841484121,9.584471168560729,-4.70966098153632
baseline,0,,2.3430170999999973,0.3358400166034698,0.3358400166034698,0.0462134793863002,0.1449115516430372,0.541051844206235,1.2610062755925098,0.2580089278290845,10.890739075250144,0.6970768321400511
baseline,1,0.0948708704491643,1.3075224999997772,0.8020621538162231,0.844534695148468,0.0082410179282651,0.3394466180944325,0.3808526955158655,1.011791599068823,0.1705570540676321,8.849010626338195,1.240378304098975
baseline,0,,3.5906645000000026,0.0660138428211212,0.0660138428211212,0.1823705725307063,0.0071925991577215,0.1071314464074667,0.3891253027149498,0.0593501644022761,11.870759230151446,-4.240642120345265
baseline,0,,3.9725788999999168,0.4194982349872589,0.5611009001731873,0.1359399106640288,0.4556020017618509,0.7196363511273407,1.611914557858058,0.2591221120004842,8.810456865010321,4.232068517755458
baseline,1,1.044749334510931,4.409791300000052,0.705461323261261,0.9532818794250488,0.0005232010335594,0.1726829634182818,0.5280481083200473,1.4447238932498718,0.2124920909064042,9.078912342127394,1.76880959191294
baseline,1,0.3846235981387289,1.872691099999884,0.8366146087646484,0.84366375207901,0.0222013769040332,0.3290031035021448,0.2993646479579905,0.5828965651494804,0.1645809534413783,11.018671096785686,-4.356909592996889
baseline,0,,3.479640700000345,0.1942856013774871,0.3708713948726654,0.2215389261509504,0.6458094738295346,0.8992250146454939,2.0099569846423613,0.3289927559437002,8.92333274724288,4.21355473941872
baseline,0,,3.670423500000197,0.0662969946861267,0.0662969946861267,0.2368505725260083,0.0492763719638094,0.1849446408486679,0.8948055302284466,0.0818126055326263,10.857787257406716,-2.9618692460363585
baseline,1,0.2838345778608344,1.6784371999997347,0.8434208035469055,0.9461886882781982,0.0001295220796933,0.0437669428453397,0.0998364401400858,0.4994107773292098,0.0993705708465387,9.885165352698898,-0.1827766058459285
baseline,1,1.1730857884956427,4.180207500000051,0.3713022768497467,0.7969222068786621,0.0018054001270119,0.0340451390674769,0.9759293393233882,2.300511929626232,0.3466664610769852,9.68369293637702,3.427566321934963
baseline,1,0.1368197758054723,4.014203400000042,0.6874403953552246,0.9323109984397888,0.0038879947179617,0.080630196346719,0.1750926042248755,0.7760828715313953,0.0921960674704065,11.677155164515074,0.1586495223478969
baseline,1,0.6462691790286268,4.180394500000148,0.6180630922317505,0.9029627442359924,0.0018223377057971,0.1708245854467694,0.5686466117524943,0.984592944833076,0.2008741237096133,10.875055917903955,0.7701950770500758
baseline,1,0.3109122334694744,3.841443100000106,0.3525635600090027,0.7565290927886963,0.0004460016431968,0.1699747320514033,0.5969436346898492,1.5659157936626602,0.2862626006527137,8.983343199026166,-2.0417920099517928
baseline,1,0.067378256861224,4.417792599999757,0.7285134792327881,0.7285134792327881,0.0179342597114436,0.0529079217753154,0.0030168814220827,0.4120198618631593,0.0876923175929572,8.623920311675167,0.6267433142696373
baseline,1,0.5703446608695152,3.663541500000065,0.6007779836654663,0.941483736038208,0.0006114039229972,0.0558100538020407,0.1634345190293542,0.8829957458491187,0.1095560177649893,8.823117711248358,0.7522472442982133
baseline,1,0.1932787030477999,3.056550799999968,0.4436782002449035,0.9069033265113832,0.0013605364761616,0.0539005517269693,0.7096334454446868,1.7606104495140456,0.2579208624817747,11.983695744819949,-0.8648278747695395
baseline,1,3.843639210333529,2.293287899999996,0.5272470712661743,0.6379232406616211,0.0079208317505935,0.0202841490099661,0.7733032536899441,2.055436425910382,0.2853565125578187,10.252866681191575,-1.088546732504204
baseline,1,2.667261344530301,2.696910499999831,0.4480825066566467,0.6796571016311646,0.000835547950398,0.1270134016738531,0.9553997169529502,2.3520000000000003,0.3179484845662538,9.209773303916451,-2.2067340143281653
baseline,1,2.01882785935298,4.512998299999708,0.4504109919071197,0.8670161962509155,0.0034272120864929,0.4084202315257292,0.8986302106700553,2.038128015337468,0.3180549208311592,9.614260171882638,3.3362842765261504
baseline,1,32.46794935380888,2.5202359999998407,0.2355941832065582,0.2355941832065582,0.000478909905235,0.1637546507097576,0.9013906984031947,2.088228710088041,0.3166548340126717,10.76483922546018,-0.0306283587107669
baseline,1,0.4942142782531871,3.962289099999907,0.7684101462364197,0.794937014579773,0.005528125443425,0.035774706308381,0.1988864299367448,0.704604974746102,0.0976383876896976,10.30762714130112,2.4815648446948995
baseline,1,0.2854927415588735,4.239604699999745,0.636610209941864,0.9154877662658693,0.0013677122763153,0.0738046929268421,0.4393315115170628,1.2248103054015522,0.1648000896279353,11.677254801876256,1.5543699140750924
baseline,1,0.2853694675688289,2.5778513000000203,0.504313051700592,0.8535957336425781,0.0184739357239049,0.1183198099222455,0.6997743801232815,1.8271009459741412,0.2833168695469104,11.545989304521331,-1.699330303082549
baseline,1,0.8758433952201266,3.615052800000285,0.6231858730316162,0.9233089685440063,0.003370223368992,0.0185963686904839,0.2121596341759882,0.7620792397509215,0.0744683494797943,8.462626905431417,-4.098625694187918
baseline,1,1.0399572878143333,2.131624299999657,0.7358481287956238,0.9513583779335022,0.0022869203353959,0.1799147150577241,0.0929955834917458,0.7052987918812585,0.0741542492993879,11.727114443072496,-1.166137973558271
baseline,1,7.657312960937821,3.302665000000161,0.3579217493534088,0.789704442024231,0.0045860234168937,0.3137544287515807,0.9686711940708151,2.202022943686416,0.3584,8.839062504543001,-3.616119615745097
baseline,1,0.8303052699693407,4.025726200000008,0.5847365856170654,0.8991185426712036,0.0241039683799686,0.1917640022303713,0.0343169346934245,0.5341011694731346,0.023698935615472,8.774449469610184,-0.5943951257296565
baseline,1,0.3422019910451337,2.7564330000000155,0.657708466053009,0.824388325214386,0.0079628086578896,0.0922410751528168,0.3844682642233382,1.043592227989248,0.1662723611220961,8.211985736751998,-3.716273419348066
baseline,1,0.6197679135657844,4.032932199999777,0.5483222603797913,0.9097134470939636,0.0072632140881281,0.2600814911594877,0.4077978466541678,1.210876680481039,0.1752773685870671,8.738461539723211,-0.1307828903366008
baseline,1,489.6289520830345,2.610874899999999,0.0,0.0528535842895507,0.2118237030574445,0.022567974703467,0.1145134200813147,0.3323688589749536,0.0576396958070701,11.92002572940604,-0.911179441298552
baseline,0,,4.763769199999842,0.0148149374872446,0.0148149374872446,0.0153654711694927,1.1575145083071812,0.4042041337450679,1.3569018764360552,0.1906056971496425,11.259384160428256,1.587077990802344
baseline,1,5.827172348605068,3.5257465999998203,0.3120910823345184,0.4229632914066314,0.0264102566893324,0.139984708353427,0.783721964988351,2.018630991936733,0.292969242942043,11.41817950984383,0.1616548203507353
baseline,0,,2.5757175999997344,0.0,0.0406109616160392,0.0732434326586903,0.3786626065226537,0.4709038479605817,1.307720868223606,0.1657862417225399,8.346967598122612,0.0461574385266914
baseline,1,0.4916783124564343,3.829344299999775,0.3660270571708679,0.3678677976131439,0.0149135705949674,0.1314464329542501,0.8542188306149984,1.8190871589546749,0.3431322463693922,9.259728199974688,-2.178660028454208
baseline,1,5.937381631185128,3.609842599999865,0.3514721691608429,0.887886643409729,0.0036399227973623,0.2591579478358579,0.8891034648692228,2.177291827632049,0.3505296835675934,8.429329125418159,-0.7880556476641001
baseline,0,,3.88342509999984,0.2542115747928619,0.2566830813884735,0.1706367856183619,2.167744710168639,0.9801306556064632,2.190616989872466,0.3475985422376025,10.07222984627781,-1.9454534741683025
baseline,1,0.2155759265659323,3.926070500000151,0.2214896231889724,0.6444182991981506,0.0020849464444026,0.3171379798584612,0.9868797013815274,2.3520000000000003,0.3382490791302363,8.528385417777722,-1.0409106716401508
baseline,1,0.07293154696964,3.8508675000002768,0.6154147982597351,0.937929630279541,0.0004577382686527,0.0149195302257041,0.3521526061508765,1.0230847427029537,0.1426043668647581,9.828499851540515,4.985080469774296
baseline,0,,4.085293600000114,0.0736063197255134,0.0736063197255134,0.0144916452970146,0.2184724658999131,0.404453045006285,1.1548261103991615,0.1526708078020461,8.621558055599124,2.6164624664036564
baseline,1,369.3445247569241,4.307954800000061,0.1532506495714187,0.1532506495714187,0.110522370753728,0.014596120521535,0.4854382943244134,1.5306512816463025,0.1652728960702809,10.209714741505127,-2.407323874026708
baseline,1,0.4585807989332223,4.507315199999994,0.3344714641571045,0.7611398696899414,0.0209475897833764,0.0916902664296962,0.5681431760707554,1.4576330459804,0.2565707220656045,10.333729164796114,-0.7050574860679903
baseline,1,3.682605389470048,4.238725499999873,0.4955981075763702,0.713154673576355,0.0050278746004575,0.5860654855763738,0.8979917841415374,2.2437070716651517,0.2920517907536997,9.458848340074578,-3.986381031424719
baseline,1,0.5911265770467188,3.962622699999884,0.5921657085418701,0.6390390396118164,0.0044398199987581,0.0970250283602591,0.4927092082281376,1.1703865197138237,0.2004396806421854,9.561696297253102,-1.472723792863666
baseline,1,0.10136317769613,3.963421699999799,0.4710021913051605,0.766268789768219,0.0040231431204222,0.0380119637964214,0.4755550625878021,1.0264405541597947,0.2097277973561119,9.403173616868184,-0.0491575817965896
baseline,1,0.0124785338382727,4.932268499999736,0.5177038311958313,0.9299135804176332,0.006653658237882,0.3327885157119591,0.349861770162837,1.1875034186510929,0.1439424091290233,11.896245186000318,-0.7092550317055659
baseline,1,1.3572534380798236,3.9319476000000577,0.5294342637062073,0.6944972276687622,0.012760677736134,0.3057171925732866,0.7122382700435012,1.6765561748343627,0.3116676576932515,10.27902504451354,-4.5539357878213735
baseline,1,0.3929542290262659,4.125902099999621,0.6276246905326843,0.8557933568954468,0.0161345476341973,0.1969653514636409,0.4636193415825853,1.3541510262858794,0.1931100490692646,10.045934123523097,-1.2101209689600658
baseline,1,1.011566389286462,4.502206399999977,0.4789544641971588,0.8415369987487793,0.0058536035395146,0.291222001290655,0.6445992087552553,1.6346842440782063,0.2492513796121592,9.808220130063129,4.391532563292168
baseline,1,0.3292184099175191,4.183010599999761,0.7221460938453674,0.7221460938453674,0.0024707802408916,0.0250434477984611,0.1015742871315009,0.3684632442277313,0.0632194068551182,8.01981520093407,-3.694306102701076
baseline,1,0.2047355134158997,3.7244974000000175,0.6919474601745605,0.9371622800827026,0.0052067258479422,0.0089215814344494,0.1590492500499013,0.6728581100877467,0.0953883793282501,9.294852463392187,2.8161938279292764
baseline,1,2.4109178418873367,4.062582200000179,0.3969471156597137,0.8454747796058655,0.0080271828760759,1.0992673003548985,0.9601665058839174,2.314997240746638,0.3584,8.782698539323682,-1.000966737849641
baseline,1,0.3167966938416169,3.834564700000101,0.5941619873046875,0.9429895877838136,0.0055166082708338,0.0641569651563847,0.0418749118125315,0.7143881569292351,0.1038650850585862,9.723277837598232,2.360765394343237
baseline,1,0.3653127073854222,2.3013020000003053,0.6289790868759155,0.8110328912734985,0.0138016490154479,0.1549675831581966,0.7955086791487498,1.849960422558086,0.2762180263970403,9.966194795223808,0.2775693811600472
baseline,1,0.1770847346553053,4.534510599999976,0.482893705368042,0.8241420388221741,0.0034812849548481,0.0489126649516382,0.4195832562916688,1.18239708442922,0.182337451134623,9.955678112785325,-4.118271605050886
baseline,1,0.2140164636046902,2.833410599999752,0.5660122036933899,0.837831437587738,0.0190588010922648,0.2537450371966263,0.1991010255059917,0.6027802158591756,0.1190164196471414,11.180599721097291,1.915449232302154
baseline,1,799.519561802678,4.389749299999949,0.4455092251300812,0.4455092251300812,0.2378568849155891,0.0305909547676344,0.7078261250775159,1.3770285569905614,0.2764570930917144,11.91826270018978,-3.483496348733333
baseline,0,,4.094512199999826,0.0,0.0511047132313251,0.1194852412951473,4.002893886445591e-05,0.1058907439033918,0.478348111786927,0.1144072239930333,10.39923869044356,2.114047274562103
baseline,0,,3.742752499999824,0.0,0.1022553220391273,0.1875728351927134,0.0018502283195229,0.0722814170103547,0.3891426946000773,0.0478948522652027,10.104643390611658,-2.774296745320617
baseline,1,0.3297385924043443,2.7400385000000824,0.7522123456001282,0.866707980632782,0.005306596887588,0.0918760892893453,0.5496861485975618,1.43927550262916,0.2424256707206824,8.603654173116723,-2.249303616784929
baseline,1,0.7120343029798909,1.7476424000001316,0.7644821405410767,0.9521484971046448,0.0053659662635856,0.0650069602500034,0.336792882851204,1.3085449008608363,0.1685325992956433,9.99976615110137,2.131259544247984
baseline,1,1.421746780516328,3.886068599999817,0.6854351758956909,0.8367890119552612,0.0012116923738578,0.0502181264198324,0.2768746868575377,0.8825868798441103,0.1541911320206017,8.867715635417323,3.330868575920295
baseline,1,0.2121377207200563,4.177363400000104,0.4144507348537445,0.4938670396804809,0.0196676951840468,0.7030148433711734,0.6003976576629084,1.810443130826896,0.1921597706411588,10.085290236297787,4.312150461875085
baseline,0,,3.7657242999998735,0.1224403232336044,0.1224403232336044,0.0451554655922073,0.1401938198130501,0.7309386939574078,1.6993468828681355,0.2759176077387383,9.798146497740442,1.568368426814985
baseline,1,0.3928995637758916,2.633489000000281,0.6560085415840149,0.8759572505950928,0.0100763379515845,0.2602011667446613,0.4843506932027579,1.4301829944492654,0.2061146557438935,11.356609644859184,-0.2502977967505497
baseline,1,0.1064853144281494,3.001535200000035,0.6969417333602905,0.9264570474624634,0.0041180559095924,0.2961476005138295,0.3835198029373042,1.2085558386634376,0.1395546588248672,8.493190544089156,-1.96020161349004
baseline,1,1.6941016192243352,1.9074040000000425,0.7497726082801819,0.9541999101638794,0.0099855368610936,0.0451509200345001,0.2549184088114216,0.7697103946815006,0.1135559170915713,10.65330486886631,-2.9999473240307992
baseline,0,,3.986722600000121,0.0559286512434482,0.0559286512434482,0.0490044110555459,0.396550833719016,0.6376871347061773,1.979418891205754,0.2286446340378224,10.843725049109835,4.21032757521847
baseline,1,0.5516693218807259,4.27310499999976,0.2227209061384201,0.7357872724533081,0.0416678981655492,0.1132476249359473,0.5151703547111096,1.29764786080614,0.2085854567846889,10.981758643537589,0.895266869564936
baseline,0,,3.807437100000243,0.0,0.0185001194477081,0.3100329627171156,0.172242469586052,0.0378179643321635,0.4222264552635721,0.0943490020158461,8.88664221891868,0.4168249415867251
baseline,1,0.4382459139748391,3.617293599999812,0.8643413782119751,0.9172896146774292,0.0052681664671318,0.0064869766096826,0.0537068137448668,0.3550696582949139,0.0828078257849921,8.04236853623893,3.385619652892462
baseline,1,0.6235998152253214,4.423699499999657,0.236302763223648,0.634391725063324,0.0235313748289825,0.3395475007998458,0.8718249178932626,1.9518367026571048,0.3584,11.502125576235615,-0.0085977807046546
severity_heavy,1,3.2681321973773345,1.8295465999999576,0.4765473902225494,0.8374477624893188,0.0046854229151897,0.1987165375494259,0.9762285262604462,2.0515794743142037,0.3455868306437801,9.49102344049826,1.0655902455504354
severity_heavy,0,,4.038409700000102,0.1398128271102905,0.1398128271102905,0.131442237228509,0.8028836013017384,0.7843056703114164,2.110797134428771,0.310589349617559,11.411196272952017,2.196379106297112
severity_heavy,1,5.95741722426482,3.9122997999998006,0.1998292803764343,0.674481213092804,0.0003189271087726,0.4065186090894173,0.8610105138782368,2.246153808551703,0.2993008249223275,10.018640567257927,-3.311588693404064
severity_heavy,1,0.6359925062269252,3.921882000000096,0.5505558252334595,0.8450202941894531,0.0073763698984405,0.1889363439206413,0.8313502561074341,1.941571675825969,0.3414175748502954,9.83870914738728,0.0092175804247212
severity_heavy,1,2.979657523610964,3.817788299999848,0.3709701895713806,0.6909732222557068,0.026664147180028,0.2010034912453207,0.9492464342245948,2.1296171127367005,0.2805250661954869,9.176141599903504,0.1557998952416195
severity_heavy,1,3.602605988862281,4.035639199999878,0.4195079803466797,0.7811509370803833,0.0148664231263333,0.1347165337423539,0.961875115875126,2.297448307082432,0.3133266985778609,8.600568014555172,-2.34648327574555
severity_heavy,1,2.594188578391156,2.677726200000052,0.3012081980705261,0.83343905210495,0.00145274138365,0.1339721308813846,0.8777928516979527,2.229830951758438,0.3584,9.319657014881518,0.1568844908847495
severity_heavy,1,2.839536595428319,4.504390999999941,0.2759475708007812,0.9002371430397034,0.0045010420378718,0.4267740398301951,0.9006428588141434,1.9071559574383612,0.328254643200183,10.86064881550194,0.326463477828681
severity_heavy,1,1.4522974225043963,3.836105500000031,0.5254549384117126,0.6831899285316467,0.0078296536793927,0.0769435549995414,0.9879387851363698,1.976844324743796,0.3584,11.74599189563978,1.6520211954999198
severity_heavy,1,1.252131613004242,3.868687800000316,0.3555009067058563,0.7898776531219482,0.0234330142782958,0.6047999547135691,0.8975097140362256,2.3520000000000003,0.3543026409493754,9.950697700775716,-0.6487613027112138
severity_heavy,1,1.722260798932861,2.530392900000152,0.3439047336578369,0.7765094041824341,0.0147852770175442,0.6377199947208592,0.9073630949880068,2.314815661307811,0.3584,10.16120390255404,4.362280005279141
severity_heavy,1,0.7510938354733883,4.569112700000005,0.32149538397789,0.7405202388763428,0.0045145286601814,0.2042637163434877,0.776084277500671,1.7513634934323234,0.2719958863939302,11.29739797446924,2.1380111323455067
severity_heavy,1,1.3458595452919826,2.522440600000209,0.5990042686462402,0.6964697241783142,0.0005019178730751,0.3204247455568159,0.9612666106939304,2.24053119005024,0.3276957530616683,10.44972827758507,-2.577254692945413
severity_heavy,1,1.160458143727851,3.7204946000001655,0.2749375700950622,0.7426978349685669,0.0014167335141421,0.3259404370742529,0.7712600132024003,1.66986694082273,0.2550629818566714,11.873492016601933,2.315389787424107
severity_heavy,1,1.191268820392282,4.377514000000247,0.2653306424617767,0.7431962490081787,0.0103881206859003,0.09394307317012,0.8697261240921108,2.212221209562621,0.3296993638362911,10.000627716097227,3.744756027828954
severity_heavy,0,,4.7660221000001,0.0950158685445785,0.441253662109375,0.285986326241281,0.3927396502603368,0.9557560838009446,2.3520000000000003,0.3441757917281053,8.014315411714467,-3.0812834702586542
severity_heavy,1,0.6774023224194033,4.325923700000203,0.2783155143260956,0.7673766613006592,0.0064135093778837,0.8969810537216835,0.8167254051720401,1.9148287412671297,0.2830527588567318,8.60820483629539,0.9632336377196644
severity_heavy,1,0.4485810797772066,3.898683500000061,0.3532001376152038,0.8422133326530457,0.0249808594108396,0.0331756969483638,0.9556450977179624,1.8800700301552908,0.3527748202762085,9.860563401507928,-4.966824303051636
severity_heavy,0,,4.68618349999997,0.1726185381412506,0.2166317105293274,0.090327321794026,0.4916579034221049,0.9983875718748102,2.2710361833305908,0.339952937392921,8.49378669398562,1.857876253575624
severity_heavy,1,1.2614394347923217,4.309575100000075,0.4286156892776489,0.9178693294525146,0.0123527468854556,0.3402984253635202,0.885141205327219,2.176356777347946,0.3454070630366681,8.33035774567133,-1.086633933632358
severity_heavy,1,0.1233946776848845,4.342115599999943,0.3071271777153015,0.7759290933609009,0.0048507590232097,0.3915622407581349,0.9625222639267176,2.3520000000000003,0.3550583043303624,8.775157050225172,2.170513252763855
severity_heavy,1,0.4963249045589295,4.616776200000004,0.160685732960701,0.5144019722938538,0.0062380666824082,0.0133732012717722,0.8005467879014823,2.055946965684365,0.235829110428958,8.073786680408912,1.4133732012717717
severity_heavy,1,1.318034399685725,4.643779400000312,0.244947925209999,0.723923921585083,0.0099198176543322,0.5958227187013436,0.8994780387620925,2.0756216178061018,0.3338851770199408,8.790610718889132,2.265327550201638
severity_heavy,1,50.83064127495168,3.131204300000263,0.0391283519566059,0.0391283519566059,0.0140721171788899,0.1069530711584098,0.9416657276275264,2.206082197265912,0.3349219622421588,9.621491085495734,0.8230503741556339
severity_heavy,1,0.3680597911057766,2.816891899999973,0.5248842239379883,0.9055145382881165,0.0161710717184699,0.2939732604829697,0.8928741431686421,1.997483441257955,0.2591853669854407,8.796336452613502,1.5549635974823808
severity_heavy,0,,4.936966900000243,0.0808159559965133,0.101998746395111,0.0114490666855632,2.311361270718591,0.9041448349244342,2.0385602629614623,0.3291280896249463,10.058031925985253,-2.3237491367248158
severity_heavy,0,,4.0802254999998695,0.0,0.0383870489895343,0.1155595638962186,0.2504786668298555,0.7770333903436053,1.7243162990967231,0.2627495312661794,9.685175633292612,0.6754010263294772
severity_heavy,1,3.894518289751392,4.083680300000196,0.5592081546783447,0.8077148795127869,0.0146786174021658,0.3742755968354503,0.8305175473564824,1.77696157706771,0.3340387508859985,10.922546982240211,3.777889683661563
severity_heavy,1,0.2401435986863172,2.584115599999677,0.3430864810943603,0.3822242021560669,0.0112556619549915,0.2508416960079809,0.8416668162759116,2.2747577747805248,0.3122009206936164,10.661364695889269,1.2968130435018823
severity_heavy,1,2.9963065394158046,1.551107199999933,0.4819605350494385,0.4819605350494385,0.0086089809491921,1.5309209451166637,0.8885759045204815,2.2713942791893054,0.3434154434960866,10.654900610529934,1.164357799117168
severity_heavy,1,3.9679907876099936,1.39632870000014,0.4483724236488342,0.7207407355308533,0.0017583958770276,0.3372337336948114,0.9662736545694324,2.0907540095114507,0.3447907305533355,9.747660154791433,-3.7372337336948114
severity_heavy,1,2.252223883492254,4.075594299999921,0.3307196497917175,0.4439590573310852,0.0068589622569404,0.324263759210335,0.9924153732496236,2.2160787743572428,0.3584,10.111711695948536,-1.7249598357858795
severity_heavy,0,,4.214577400000053,0.0,0.0580275394022464,0.2001444299543829,1.5205037448681606,0.8042016695427318,1.9695676459645928,0.268613494349639,9.200152625746504,-2.500843632367109
severity_heavy,1,282.4581401409314,4.023789500000021,0.0639902502298355,0.0639902502298355,0.1557844732605438,0.8130086397737597,0.912553901834274,2.209567871548542,0.301665884791759,10.008278385998354,2.6438143702749795
severity_heavy,0,,4.345564899999772,0.0,0.0263875517994165,0.4066323440009761,0.1536858861023232,0.8566696723507837,2.060353613699732,0.3168806317250405,8.181094951684251,-0.4450718658916202
severity_heavy,1,0.5517951179604149,4.42524880000019,0.4211985766887665,0.8122242093086243,0.0154168378940261,0.9122591619187016,0.8501349221841236,2.129647348919575,0.2671447414453643,10.55098352643432,2.3135014099247577
severity_heavy,1,595.7578585963822,4.13161590000027,0.0857004076242446,0.0857004076242446,0.2419545808678542,0.3634025928752349,0.8559632741219556,1.935111353157721,0.3197855927086662,11.539810605661094,-3.780485441378824
severity_heavy,1,0.4640743683397466,2.999660799999674,0.5592709183692932,0.7667772173881531,0.0050360367422994,0.5474629123904355,0.7812449942010052,1.8335519031908685,0.2907911541409255,9.561810780290717,-3.5528476496110786
severity_heavy,1,522.2363393463455,4.279212599999937,0.0,0.0961002707481384,0.1530380364410467,5.176400874833711,0.8772523058617261,2.242143841827533,0.341895144304513,8.345586098335382,-3.5731486273313973
severity_heavy,0,,4.235315100000207,0.1296708881855011,0.1296708881855011,0.0973219113584638,0.4629693024852472,0.8338966788337657,2.1531005428794243,0.3050425988582389,8.862517104009259,-2.659632495516603
severity_heavy,1,2.9252670675534325,3.881453700000293,0.2595225870609283,0.7487859129905701,0.0063106125422202,0.4373909918798198,0.774155493151301,2.209248030229333,0.293932427675451,11.11763958379126,3.449157733883016
severity_heavy,1,1.6374365420893866,4.433555400000387,0.3680891096591949,0.6164708733558655,0.0006578121499937,0.8980643472156927,0.8151894616074327,1.9526775916846977,0.3051050322525466,11.839997889463817,0.854102999218048
severity_heavy,1,0.4070610716106136,3.270920300000398,0.3192711174488067,0.7667532563209534,0.000508695307444,0.7518842921093094,0.9800224476379904,2.141994517580895,0.3458467659201776,10.393358028614236,-0.1346495283927513
severity_heavy,1,0.4202046242871096,4.180460799999764,0.3191964626312256,0.396213173866272,0.0020344225721615,0.2528841696497457,0.8721574693860676,1.81356906358892,0.3309232085800648,9.871908800177447,4.094639987851727
severity_heavy,1,370.1980755948899,2.899423299999853,0.2740959525108337,0.6260296106338501,0.0269367597477634,1.1131379265045431,0.9401040592702206,2.2803382880750536,0.3458780119156698,11.49650905917733,2.960351522004501
severity_heavy,1,0.175739535560255,4.394858800000293,0.1796660870313644,0.6139947772026062,0.0016405707029975,0.4779179520691006,0.7776967228173008,2.003591926971282,0.2806615751268979,8.077927496020909,-4.2365877275707415
severity_heavy,0,,3.943074599999818,0.2875953316688537,0.3433367908000946,0.094347180377099,0.1846752874447395,0.9576838508315748,2.3520000000000003,0.3435952408789448,8.016742697517865,-2.596442029447936
severity_heavy,1,0.7097746214539489,4.22451349999983,0.2604374289512634,0.5541183352470398,0.0142076445786603,0.1982606700411693,0.9431970240138532,2.062924112369565,0.3491153947893564,8.763592241444627,0.1530570740374681
severity_heavy,0,,4.219134400000257,0.1425416618585586,0.1994031965732574,0.0012224427525955,0.1829829830309846,0.9325072295820654,1.9784870835110508,0.3320132658729147,8.459441855886885,-2.5376088154746093
severity_heavy,1,3.442644017516982,2.567501600000014,0.5713582634925842,0.7609182000160217,0.0036033199750542,0.3273681397561566,0.7648894605809496,1.9567304462838857,0.251344779602885,8.765006715198055,0.7739606112530861
severity_heavy,0,,4.309599700000035,0.1954425424337387,0.4314537346363067,0.0239768954708485,1.276123588775549,0.8786047944973093,2.182690205369068,0.3523158841943148,10.425410070776213,1.1056870712707123
severity_heavy,1,0.149624465352065,3.080323700000008,0.6374030113220215,0.8199446797370911,0.0034127923485952,0.2367527312516189,0.8525115398598211,1.8573727215424631,0.3098569115259767,9.005383425808393,-1.3908007517472876
severity_heavy,0,,4.534163599999829,0.100502148270607,0.3028121292591095,0.0685962362207464,0.2123187163414321,0.9929060492500528,2.3267813429448694,0.3545854599176331,8.89083950113524,2.180891861837184
severity_heavy,1,1.6598626549155595,4.057879200000116,0.2369352728128433,0.3694172203540802,0.0060499961467873,0.3964858919444838,0.9984232357489836,2.3520000000000003,0.3539879282049597,8.384265795418418,2.006145231554801
severity_heavy,1,0.7968395993419752,1.5864232999997512,0.5128749012947083,0.5136476159095764,0.0095541232000934,0.2274483348494911,0.7815725389936578,1.910274144645082,0.2947015730771777,10.633099606641304,2.4517495703460845
severity_heavy,1,0.1778650838069237,4.357572400000208,0.2071474641561508,0.7217841148376465,0.0101521188895501,0.7129413570132535,0.7888997413393981,2.1089834362678155,0.2965358408608476,8.750463554171505,2.764174951505725
severity_heavy,0,,4.477165700000114,0.0441187284886837,0.2861286103725433,0.2368031520836013,0.0569945277801274,0.7597885760387298,2.011308360408583,0.239500650793192,11.005094651577895,0.4269081692226484
severity_heavy,1,0.8032303753062783,2.6560349000001224,0.6613669395446777,0.7314665913581848,0.0012404214546425,0.2011732513589706,0.753405448029586,1.8558994095019656,0.2640216651289866,11.249767507497468,0.1900276333588024
severity_heavy,1,97.68327768556196,2.9557346999999936,0.2723720371723175,0.3195359408855438,0.0036700535303906,0.021489486774062,0.8268490049238328,2.227817100466665,0.3380402830526133,9.35489758719068,0.4103438687738938
severity_heavy,1,2.284159488741424,3.973164900000029,0.2223824560642242,0.3562042415142059,0.0548185439477756,2.0994416773270066,0.8176138468219051,1.8331410953497012,0.2697975152321865,8.978045388315183,-4.525606284832684
severity_heavy,1,0.4439379522057154,3.662152800000058,0.4008769094944,0.9334028363227844,0.0066809487852202,0.7184023828742379,0.92278966025639,2.246887342022416,0.3430619135169586,10.827818843538612,2.145334741870116
severity_heavy,1,3.781670426289336,4.099113699999634,0.4728273749351501,0.8467397689819336,0.0011836477755917,0.1043441220702261,0.7697429112287949,2.15801051457248,0.2852107824260925,8.621238941940954,-3.592714192428975
severity_heavy,1,2.9687757218448234,2.504664800000228,0.6203191876411438,0.8555580377578735,0.0024054751989453,0.0927381103417895,0.7715417334826155,1.643955432991968,0.2880943869577996,8.471957222267712,-0.3131452606598088
severity_heavy,0,,4.270738300000176,0.1008819565176963,0.1008819565176963,0.1935552091464076,2.840151272221089,0.9958865552477834,2.3520000000000003,0.3432108490584644,9.719826051930887,3.29587936222193
severity_heavy,1,263.77856256277875,4.160001499999908,0.2011633366346359,0.2011633366346359,0.1091813841354633,0.169823252363546,0.8558523107816367,1.865689611291492,0.2817434417912383,11.676213261776548,1.103570668365565
severity_heavy,1,552.9808822830342,4.547224200000073,0.3888296782970428,0.5053018927574158,0.0186146155202942,0.0147890097070337,0.8592034458835258,2.1348421528381416,0.311008918691156,9.409807168396451,-1.8075022262933027
severity_heavy,1,0.6879772912348735,4.469476999999642,0.1951984614133834,0.4913255274295807,0.0134494752566628,0.0034910336302966,0.8401541131998831,2.0526432448047625,0.3170947875144824,9.398778663614014,-0.320209460630549
severity_heavy,1,1.2652163819155275,2.267727499999637,0.4715886414051056,0.8701498508453369,0.0033570183188598,0.0061071722958802,0.8002595556540283,2.044909050594925,0.3217497511613255,10.01430525302073,-0.74730035620719
severity_heavy,1,0.3931823679921982,4.100606299999527,0.4252638518810272,0.57917320728302,0.0037659423895221,0.2661413665367242,0.805165047249055,1.5568068573272056,0.3261811784768355,10.053305520602835,-0.903052902962056
severity_heavy,1,87.00678088834795,4.022679400000016,0.0863849744200706,0.2145468443632125,0.0062783758430799,1.715152849340705,0.921553019939334,2.016490921039963,0.3557728026128962,10.300710539080324,4.352463074846551
severity_heavy,1,0.7561300928408853,4.749228499999845,0.2511305510997772,0.8455963730812073,0.0002281574908174,0.272081229658152,0.8959822754244814,2.2569986096900787,0.3078272834330806,11.458399558378948,4.516663701658825
severity_heavy,1,0.5845721057765245,3.9264240000002246,0.4705068469047546,0.4705068469047546,0.0030677272170939,0.015178098384986,0.9328249392773044,2.203695223158578,0.3122616457569154,9.4054710061108,2.512236412884187
severity_heavy,1,291.6673023353466,3.894210500000554,0.149364948272705,0.2541446685791015,0.1613108127548017,0.2802914974404064,0.9186607573441088,2.0137723839791675,0.3179013835304889,11.23455519736886,0.0966993624391445
severity_heavy,1,2.846300325711641,1.397849299999507,0.3665798604488373,0.913485825061798,0.0031754795457829,0.0133507152622005,0.924235574857016,2.25973149503426,0.3198106584928676,9.736801085663442,-4.083707599237
severity_heavy,1,0.2536830044894723,2.842675999999301,0.5813946723937988,0.5813946723937988,0.0008500182935963,0.483085939020524,0.8114815290809743,1.8887239200733448,0.3151768461427577,8.690001740372077,4.090358185515351
severity_heavy,0,,4.752016399999775,0.2012451589107513,0.2012451589107513,0.2256436274916496,1.9200926420455129,0.906447626308921,1.9556731763521176,0.348607249858636,8.826980871703576,-4.548267249047448
severity_heavy,1,0.849219767865474,2.936892900000202,0.4037311375141144,0.7268770337104797,0.0132348079493412,0.1582113294835858,0.8126143164873892,2.0388759231619167,0.3092533740804601,9.177759869101877,-4.208677172485857
severity_heavy,1,0.1100830163317352,2.702561799999785,0.4012709558010101,0.7381891012191772,0.0052305157078616,0.3386929242113489,0.8936138977010355,2.0515893362262685,0.3584,10.82079479897547,0.509129441716186
severity_heavy,1,0.1053232067821581,3.2184785999997985,0.5539671182632446,0.8962467908859253,0.0018867522775008,0.1330631974611478,0.8286937520680078,1.8791591533967644,0.3085869943650164,9.705470097468076,-2.31415039803881
severity_heavy,1,2.06736027240082,2.782158800000616,0.4911524653434753,0.8594518899917603,0.0054790079935259,0.0300250058140334,0.8078243148705619,2.045584435799707,0.2825116801737564,8.711200485073466,2.139169263684747
severity_heavy,0,,4.369733800000176,0.1158727630972862,0.1158727630972862,0.0881296158177221,0.1575902219781366,0.84750110179835,1.8643731033783344,0.2737091469900039,9.520251594025872,0.058521907982679
severity_heavy,1,0.2618099080301763,4.179079100000308,0.3195827007293701,0.817389190196991,0.0053874796057358,0.4741175780196768,0.8340122748448278,2.0870506845284087,0.3157298505252151,11.311045219833154,0.8321662295182888
severity_heavy,1,0.717013210814162,3.20815279999988,0.3000859022140503,0.7876297235488892,0.0013393611239294,0.5511255686209815,0.7870648899822641,1.813831555016873,0.2540395537492754,8.599450826223189,-0.7983391641209394
severity_heavy,1,0.7151272265608012,4.209393799999816,0.2277041375637054,0.4496797323226928,0.0136495166180123,1.5629849036545511,0.9178631028493316,2.238247072075749,0.3271583647915593,11.820000165054031,-3.6088096236612808
severity_heavy,1,2.030091671231357,4.791374300000825,0.413485437631607,0.8617020845413208,0.0010111844619336,0.1621154352823854,0.9203761218905124,2.3520000000000003,0.3490517242473229,10.113971808948715,0.061183749277843
severity_heavy,1,0.7496847362880308,2.827333100000033,0.3440986275672912,0.8517349362373352,0.0033577405374313,0.052918701295785,0.990064807672595,2.024071718359902,0.3584,11.717659321751947,-2.2975011732964576
severity_heavy,0,,4.9634847999996055,0.0483420863747596,0.1639496982097625,0.3199059469549341,0.0259735568152711,0.9483857688690503,2.3520000000000003,0.3584,8.431474259471333,0.2848614991833829
severity_heavy,0,,4.123949800000446,0.0875089168548584,0.1982564777135849,0.0076471529265832,1.9401835339219755,0.875984396408045,1.977141753859167,0.3336962023307071,10.701968883321994,2.760464770426055
severity_heavy,1,2.02407427614284,3.9882455000006303,0.2886860370635986,0.7860974669456482,0.0111054373713673,0.0799139697391106,0.8875292633099461,2.2022213187789226,0.3458734560421006,11.49583591364184,-2.805146891240246
severity_heavy,0,,4.440862699999343,0.0820289105176925,0.0820289105176925,0.171366529978908,0.6597782788225102,0.8332872579505973,2.109579895665676,0.2828851941254118,8.523094485466487,-4.859157154819482
severity_heavy,1,1.2742184634678564,4.566867900000034,0.2363698631525039,0.5562041997909546,0.0065859763559894,0.4519692895832101,0.8533901977765663,2.169649054191657,0.3273422805902807,10.58781262414663,0.8998040090861963
severity_heavy,1,0.9090859259524292,2.740329299999757,0.6120438575744629,0.9018230438232422,0.0175012540821149,0.6879188019499692,0.8759239928165067,2.025831446605268,0.2917127766026171,11.83687142431495,1.2820354309483708
severity_heavy,1,0.2990305539374339,2.7212751999995817,0.4861808121204376,0.8629740476608276,0.0039626519779518,0.0737006902390284,0.9877181924772922,2.108407423890749,0.3510702454275375,8.9435994509562,1.206826982238019
severity_heavy,0,,2.8001422999996066,0.0,0.0606273524463176,0.1239931625013099,0.8736903584708956,0.8179585046348385,2.174568567081567,0.3090594918189273,10.004964771850837,1.018583392473083
severity_heavy,1,4.1391926775066255,2.690554300000258,0.3294515013694763,0.3294515013694763,0.0134354190989077,0.4486338466374437,0.8421504029156643,1.6612266779687517,0.2791150611393695,11.21936045719913,-3.3495655326419858
severity_heavy,1,0.8072305318274288,3.944205300000249,0.234078049659729,0.8126800060272217,0.0088957575262684,0.0210919242964591,0.8943980291442172,2.224332912245378,0.3157570981906069,8.115637528834549,3.93370447969984
severity_heavy,1,824.6675049556582,3.9280361000000994,0.3530203998088836,0.3808092474937439,0.0069281582772572,0.09624575343798,0.8049087202899234,1.833457769138516,0.3282957738921982,9.887301706333249,0.861802898060632
severity_heavy,0,,4.746256299999914,0.2621558010578155,0.2621558010578155,0.0634218188797318,0.3149526737121175,0.7893657370228535,1.8018766233809456,0.2913328761389419,11.473709446641678,-2.000244246208122
severity_heavy,1,514.9578486240988,3.3665766000003714,0.198249951004982,0.198249951004982,0.2250122421169018,0.2902519576786709,0.9993146832487064,2.3520000000000003,0.3584,10.322743706109932,0.6063492606758949
severity_heavy,1,0.8975016481210223,4.886076400000093,0.2683202028274536,0.7483778595924377,0.0095774616840018,0.6767961804739855,0.9327674255523316,2.159987567346493,0.3582354310721861,11.251439864373468,-2.245805617527865
severity_heavy,1,1.9693888552867744,3.8790995999997904,0.4588207602500915,0.8673824071884155,0.0002677006225754,0.1844792726254081,0.8981755493526746,1.9563482310338207,0.3489768963850452,8.082585304353247,-4.118462412875392
severity_heavy,0,,3.8435364000006302,0.0,0.0336277149617672,0.2298214759993566,2.0827784406841183,0.9881166531577994,2.351835098930023,0.3464184176990484,9.534217201812304,1.3352542831826462
severity_heavy,1,0.2145931049600103,4.259544200000164,0.2837496697902679,0.8532323241233826,0.0011931460173875,0.8429686344365934,0.9086640739029198,2.109936641964668,0.3512210007934331,10.699918914089729,-2.9039343990618507
severity_heavy,1,614.9604058457493,4.064522300000135,0.1823381632566452,0.1823381632566452,0.2526797930173103,0.3991834322985763,0.7645089165996781,1.9803889240500443,0.2935266377085838,11.548682297282037,-4.037505669204242
severity_heavy,1,678.729485377717,2.853318400000717,0.3893007636070251,0.3893007636070251,0.2492188641367937,0.3776225365253878,0.8878734618833877,1.8829462499750296,0.2787681509600684,11.789927172657183,2.131030065028458
severity_heavy,1,0.7062744620000473,2.439396400000078,0.4991514086723327,0.6565256714820862,0.002543680688949,0.1696852847947871,0.9484747772512896,2.178423666511424,0.3584,10.414562297155625,3.235937868792768
severity_heavy,0,,4.363173400000051,0.0780937448143959,0.1396811157464981,0.0214371498870467,1.7191866965615974,0.9536711495145244,2.01835283136431,0.3387835545427687,11.286386139415182,3.9526235505621017
severity_heavy,1,0.1456278894466858,2.797191799999382,0.4586970508098602,0.7140259146690369,0.0013481061715521,0.0207954846468156,0.8857416786082122,1.9291662076977751,0.308281484415142,8.46871289706886,3.021155863854572
severity_heavy,1,0.5647400171165298,4.169306200000392,0.2492271959781646,0.5996560454368591,0.0005269419988311,0.7208020475899666,0.9094714905148096,2.016916530190118,0.3198499658299061,9.384874975652432,4.437520474590219
severity_heavy,1,0.4767808777119166,3.636114300000372,0.2083964347839355,0.7713626623153687,0.0132478544462085,0.852943560140372,0.986176457171054,2.343265433756072,0.3584,8.817111911214212,0.866720301639825
severity_heavy,0,,3.7521299,0.0214009918272495,0.0214009918272495,0.1322274056756111,0.2508698156560256,0.8610303636928043,2.066088294972277,0.3475934206351596,11.65515576842956,-2.853460745338002
severity_heavy,1,2.027685184596147,2.813922499999535,0.3201972842216491,0.7516265511512756,0.0013683553890836,0.3105980236319379,0.8960669272954112,2.1660349551692697,0.2857555948781977,9.4318030059894,1.171441301361753
severity_heavy,1,58.08196402409557,3.402524299999641,0.0575728230178356,0.1472693383693695,0.2089206665118673,0.4857405221185069,0.9512721999732014,2.161173430737078,0.3414686932034918,8.1463778099091,-3.802803297879811
severity_heavy,0,,3.846553600000334,0.0967676863074302,0.3382242023944855,0.0078064830276835,0.0941312513863348,0.8011042590172558,1.7468345447017066,0.3152665313193942,11.588475501241268,4.905868748613665
severity_heavy,1,1.525016206737636,4.259167000000161,0.3330486118793487,0.8889022469520569,8.523266703613012e-06,0.3704022045997805,0.8508119386897265,1.9569200413426184,0.3018250918413829,8.197227611998079,3.994082316093346
severity_heavy,0,,3.964171300000089,0.1205047592520713,0.1205047592520713,0.1057802785102735,0.4367167481415754,0.7723358150983286,1.8870390310687664,0.2749752936745041,8.94634708645476,3.375726411142164
severity_heavy,1,0.3246523268234067,4.207358300000124,0.1750682741403579,0.6159704923629761,0.0051631951972945,0.5609351951072981,0.7856617351085313,1.7446129768220973,0.3230155381776561,11.743559977026258,-2.7392650831099905
severity_heavy,1,1.6692720709382047,4.613481199999114,0.2499144524335861,0.5128564238548279,0.0043010229927764,0.0934921764069551,0.770251383744553,1.831989373831259,0.2483983509152104,9.86515649198356,3.9281779355903534
severity_heavy,1,2.184942948665224,3.964474099999279,0.4555433094501495,0.7800459861755371,0.0327243156036602,0.2723336797226967,0.7686139185433488,1.9943018402776795,0.2789315860532698,11.26782492316493,0.2624303097285851
severity_heavy,1,0.8084518761701384,3.952644599999985,0.2588595151901245,0.7083349227905273,0.0121767794339195,0.827406233558214,0.8234844682778402,2.0264670634670967,0.3127896084126262,11.730325288639314,4.761153649560233
severity_heavy,1,0.9024815198945252,4.150833199999397,0.4431072473526001,0.805186927318573,1.7323697596267413e-05,0.1809449753238006,0.8364007756067673,2.2229310438734613,0.3015544839468557,8.427430866382053,-4.718744462674685
severity_heavy,1,1.5952948001538896,4.107275100000152,0.3415994644165039,0.8270314335823059,0.0249881918778253,0.2981088316382569,0.7537384354607114,1.87246564821046,0.2913438515720444,8.99208686252668,4.63549237088769
severity_heavy,0,,4.747902199999771,0.2744289338588714,0.3917180597782135,0.0851113052142243,0.8801657372004064,0.7813235162976909,1.56242244250074,0.2478442257279696,11.07779537311446,-3.7293537570486057
severity_heavy,1,1.3547008862496437,3.68755450000026,0.2770785093307495,0.7724094390869141,8.654055149404631e-05,0.3780150393686354,0.771070674005844,1.8450100896415325,0.3060420177699049,9.0714390603859,3.252169567129556
severity_heavy,0,,4.643638500000634,0.045327603816986,0.045327603816986,0.1072983260477512,2.144578073471619,0.9933479155936622,2.223607705583243,0.3426719070671212,11.100443251680211,0.3695004329712406
severity_heavy,1,288.19017382377655,3.8635883999995713,0.1199943050742149,0.1199943050742149,0.2949560894023358,0.0359429244978048,0.936734504017033,2.09517099375153,0.3112012091509832,11.346810999641736,4.266998761002995
severity_heavy,1,325.9661624747838,3.9997609999991255,0.4893108308315277,0.5610125660896301,0.0052431566360076,0.018247731108864,0.9648693975046336,2.159498537168807,0.3204195973160763,9.30966504237268,1.7404220443927765
severity_heavy,1,0.4217574726247084,2.5332171999998536,0.4704077243804931,0.5130678415298462,0.0043314001996714,0.1089283895166204,0.8300200503104923,2.290087773686177,0.2859467149095507,11.103198394247416,-4.05012526173012
severity_heavy,0,,4.001549799999339,0.1419947147369384,0.1419947147369384,0.0168659634274498,0.9680201950364468,0.7627716642820002,1.7980345083864222,0.2695616904262457,9.584471168560729,-4.70966098153632
severity_heavy,0,,3.0346143999995547,0.0,0.1447973698377609,0.1331495727821182,0.4164263826395883,0.8852629610515588,1.953559042685301,0.3584,10.890739075250144,0.6970768321400511
severity_heavy,1,971.3852665744632,4.243687300000602,0.0604892335832119,0.0604892335832119,0.3560838049265304,0.7899124610967039,0.8452131738789663,1.9460848815353824,0.3184094303784435,8.849010626338195,1.240378304098975
severity_heavy,0,,4.29350549999981,0.0735164582729339,0.0735164582729339,0.1232656958951046,0.5137704079059349,0.7767828616018667,1.7364639500860828,0.2725671750001731,11.870759230151446,-4.240642120345265
severity_heavy,0,,4.385145100000045,0.120310254395008,0.1533877104520797,0.0042016184555922,0.3351157522470656,0.9299090877818352,2.0349833040069005,0.3260729513512752,8.810456865010321,4.232068517755458
severity_heavy,1,0.9897378051659996,4.42702669999926,0.2691769897937774,0.7478426694869995,0.0076801310794708,0.5550328504134867,0.8820120270800118,2.1568992977949204,0.3251942026395769,9.078912342127394,1.76880959191294
severity_heavy,1,78.37303369402508,4.473593300000175,0.1524976044893264,0.3216292560100555,0.0032327739016074,0.5604299580063916,0.8248411619894976,1.6401553113808731,0.3318926755090102,11.018671096785686,-4.356909592996889
severity_heavy,0,,4.005482900000061,0.2251149117946624,0.2251149117946624,0.0444130459849726,3.9880112559160703,0.9748062536613736,2.1620264375423117,0.3530578224463563,8.92333274724288,4.21355473941872
severity_heavy,0,,4.205907100000331,0.0636290609836578,0.1832865625619888,0.0182357707952116,7.394684976033836,0.796236160212167,2.124724067187807,0.2764478252979645,10.857787257406716,-2.9618692460363585
severity_heavy,1,0.2700094994560757,3.745955700000195,0.1952217072248459,0.1952217072248459,0.0117642303360747,0.20808777565016,0.7749591100350215,1.8577575891578209,0.3143296289410863,9.885165352698898,-0.1827766058459285
severity_heavy,1,112.54543353147804,4.111880999999812,0.2862548530101776,0.5424144864082336,0.0015815584567048,1.1894883449389164,0.9939823348308472,2.336834556587239,0.3524145348465601,9.68369293637702,3.427566321934963
severity_heavy,1,5.322872534212575,4.093749300000127,0.4610575437545776,0.7007767558097839,0.0137239647910055,0.2707268263526078,0.7937731510562189,2.0208681317560586,0.2891839535815063,11.677155164515074,0.1586495223478969
severity_heavy,1,0.8180780575098076,3.845506399999977,0.4885989129543304,0.883433997631073,0.0035954116546198,0.2389405414538357,0.8921616529381236,1.6355052076985617,0.3038813128231176,10.875055917903955,0.7701950770500758
severity_heavy,1,1.2880270006904138,4.26922839999952,0.2509326636791229,0.8646917343139648,0.0208400377364231,0.6490642564466194,0.8992359086724623,2.174127848915677,0.3584,8.983343199026166,-2.0417920099517928
severity_heavy,1,0.2559632223324768,4.0622714000001,0.2962707877159118,0.8522011637687683,0.0029441350315041,0.2346366847674922,0.7507542203555206,1.916467387797237,0.3257718863093639,8.623920311675167,0.6267433142696373
severity_heavy,1,5.040348857808261,3.0050999000004595,0.4630290865898132,0.8164829015731812,0.0034093566900474,0.3489949967958999,0.7908586297573386,2.145373056633824,0.3093278546207795,8.823117711248358,0.7522472442982133
severity_heavy,1,0.4229468794659068,4.173927199999525,0.4188025593757629,0.7037274837493896,0.0013605364761616,0.2064686612694131,0.9274083613611716,2.1987735803380133,0.3272603957095835,11.983695744819949,-0.8648278747695395
severity_heavy,1,0.4300967615078312,1.4345865999994205,0.4226464629173279,0.8321791291236877,0.035170160768285,0.8091327059980251,0.943325813422486,2.3520000000000003,0.33949169557666,10.252866681191575,-1.088546732504204
severity_heavy,1,542.2958142938537,4.860501199999817,0.3307181000709533,0.4000969231128692,0.0129542774472702,0.745743677328754,0.9888499292382376,2.3520000000000003,0.3285990321578892,9.209773303916451,-2.2067340143281653
severity_heavy,1,1.033016396414685,4.5312402999998085,0.3118279278278351,0.7950807809829712,0.0138312965202008,0.3926334905300197,0.974657552667514,2.1910950274363548,0.34226202652315,9.614260171882638,3.3362842765261504
severity_heavy,1,134.81230692708343,5.157679800000551,0.057796437293291,0.2511626482009887,0.0691648611631879,0.1519879087065607,0.9753476746007989,2.23703014619762,0.3402027352339888,10.76483922546018,-0.0306283587107669
severity_heavy,1,0.658914486858101,2.540996699999596,0.4358992278575897,0.5220587253570557,0.0011614951533865,0.3589630466930491,0.7997216074841862,1.9134853519715544,0.2889443082208029,10.30762714130112,2.4815648446948995
severity_heavy,1,579.3938798350936,4.291823100000329,0.2705504596233368,0.4005080461502075,0.0114487203525613,0.548486543073494,0.8598328778792657,2.0708590545223045,0.2986877246776607,11.677254801876256,1.5543699140750924
severity_heavy,1,900.115855346144,3.8532675999995263,0.1299789398908615,0.4098183512687683,0.2301151880082466,0.2731656955768708,0.9249435950308204,2.2801414063681094,0.3550107475734708,11.545989304521331,-1.699330303082549
severity_heavy,1,0.3241100290041092,4.415910200000326,0.5644041299819946,0.8452553153038025,0.0087440556826617,0.2902286878119131,0.8030399085439971,1.9509303517793557,0.2626046288385683,8.462626905431417,-4.098625694187918
severity_heavy,1,0.6114504742735314,1.8885122000001504,0.3624522089958191,0.7539471983909607,0.0017565887513984,0.0816967459447153,0.7732488958729364,2.0739684563922145,0.2907469039615591,11.727114443072496,-1.166137973558271
severity_heavy,1,1.993399680861209,4.599612099999831,0.0481554567813873,0.514396071434021,0.0074626395810329,0.834346227257174,0.9921677985177038,2.2492981118335558,0.3584,8.839062504543001,-3.616119615745097
severity_heavy,1,2.222327622529978,2.698231699999269,0.4955103695392608,0.8309133052825928,0.0209411850385376,0.5269002937256188,0.7585792336733561,1.991316915020757,0.2543040516106823,8.774449469610184,-0.5943951257296565
severity_heavy,1,0.9163859310753149,4.123483399999714,0.4002622067928314,0.8179382085800171,0.0033283980785624,0.4614353446515973,0.8461170660558346,1.9724296172762303,0.313261339625563,8.211985736751998,-3.716273419348066
severity_heavy,1,2.945335245844021,2.5175376999995933,0.3916413187980652,0.8032042384147644,0.0132286870794474,0.1190161483334043,0.8519494616635419,2.1045097298799,0.3166952428060518,8.738461539723211,-0.1307828903366008
severity_heavy,1,0.1354150741100846,2.9867831999999908,0.5622882843017578,0.81499183177948,0.0097037862983254,0.4082377557977529,0.7786283550203287,1.66856810807225,0.2690938910916522,11.92002572940604,-0.911179441298552
severity_heavy,0,,4.160700499999621,0.0,0.029795940965414,0.1538369974783793,3.0014758563048254,0.851051033436267,2.255957838614748,0.3328817500113203,11.259384160428256,1.587077990802344
severity_heavy,1,3.173144600829948,4.412106800000402,0.2276224941015243,0.5802180171012878,0.0100718328834853,0.1950916743512399,0.9459304912470876,2.3449945467693114,0.3446164377028247,11.41817950984383,0.1616548203507353
severity_heavy,0,,3.8607153000002654,0.0216439012438058,0.0216439012438058,0.1477632931658165,0.1274290120301824,0.8677259619901454,2.1061269616510883,0.292134402829553,8.346967598122612,0.0461574385266914
severity_heavy,1,0.262558386002086,4.194087999999283,0.2832463085651397,0.7887179255485535,0.0086840063533518,0.175407780951895,0.9635547076537496,2.0390709435566423,0.3584,9.259728199974688,-2.178660028454208
severity_heavy,1,2.7657277678835617,3.711992699999428,0.3857426047325134,0.7944958209991455,0.0063337980231212,0.1450706443348905,0.9722758662173056,2.344634699144392,0.3584,8.429329125418159,-0.7880556476641001
severity_heavy,0,,3.957320999999865,0.2685001790523529,0.3743076920509338,0.0155756688697365,0.362129334328038,0.9950326639016158,2.2205998305623136,0.3523433416787792,10.07222984627781,-1.9454534741683025
severity_heavy,1,1.0154172120407328,4.515745299999253,0.5278000235557556,0.7782378792762756,0.0032549098591236,0.007473817639646,0.9967199253453818,2.3520000000000003,0.3413822064403276,8.528385417777722,-1.0409106716401508
severity_heavy,1,0.0529608210843779,3.272358999999597,0.3912515342235565,0.7623420357704163,0.0035508554616541,0.3204540095274701,0.8380381515377191,2.000686460021281,0.2973103245159288,9.828499851540515,4.985080469774296
severity_heavy,0,,4.593159099999866,0.0700591206550598,0.0700591206550598,0.240602752808525,0.2104698925922212,0.8511132612515713,2.053506465484677,0.2948874206545453,8.621558055599124,2.6164624664036564
severity_heavy,1,141.99318986186108,4.857268099999601,0.0693684890866279,0.3321812450885772,0.0143142985255565,2.5765181435254885,0.8713595735811034,2.307124895510763,0.288150231385611,10.209714741505127,-2.407323874026708
severity_heavy,1,3.916401791637148,4.022610999999415,0.510934054851532,0.8664529919624329,0.00479143929565,0.0130498164254901,0.8920357940176888,2.10930499328963,0.3584,10.333729164796114,-0.7050574860679903
severity_heavy,1,0.6495591868819844,4.650894599999447,0.3254650235176086,0.3302164375782013,0.0035574281095066,0.3185706535723365,0.9744979460353844,2.3520000000000003,0.3164113527007006,9.458848340074578,-3.986381031424719
severity_heavy,1,3.060167435995047,3.938364499999807,0.3687963485717773,0.6992211937904358,0.0086032163797945,0.3501885671396987,0.8731773020570344,1.935888324497564,0.3215807217173062,9.561696297253102,-1.472723792863666
severity_heavy,1,758.9200640838906,3.579123599999548,0.1861507147550583,0.1861507147550583,0.1208083985590023,0.0688176942976412,0.8688887656469505,1.8178279647148012,0.3349652484101448,9.403173616868184,-0.0491575817965896
severity_heavy,1,0.746282318530933,4.327360899999803,0.3828358054161072,0.8580858707427979,0.0104371711186182,0.1931577287083418,0.8374654425407093,2.168562007475372,0.2991954184141379,11.896245186000318,-0.7092550317055659
severity_heavy,1,6.337945033676926,4.531653500000175,0.2782759070396423,0.4382762014865875,0.0227466556220034,0.1116956721735791,0.9280595675108751,2.11078862533872,0.3584,10.27902504451354,-4.5539357878213735
severity_heavy,1,0.1434379475078776,4.661841500000264,0.1598173081874847,0.504776656627655,0.0043173164160697,0.3215771489617482,0.8659048353956463,2.163549439837758,0.3211977502993432,10.045934123523097,-1.2101209689600658
severity_heavy,1,0.4184528763045642,4.13999049999984,0.2897668778896332,0.8982700705528259,0.0036574131079078,0.4153558074575585,0.9111498021888138,2.170984038066526,0.3341210885614042,9.808220130063129,4.391532563292168
severity_heavy,1,1.7772973404370438,3.761370799999895,0.466275542974472,0.8421090841293335,0.0024707802408916,0.3699364818006483,0.7753935717828753,1.724187644946297,0.2777634670881158,8.01981520093407,-3.694306102701076
severity_heavy,1,3.236214180311415,4.8324254000008295,0.606900155544281,0.6177813410758972,0.002612258683317,0.079815288427973,0.7897623125124753,1.941852791762446,0.2962074184163337,9.294852463392187,2.8161938279292764
severity_heavy,1,99.21295679032708,4.3448575000002165,0.0781094282865524,0.5705187916755676,0.0049344240717006,0.3669087598461077,0.9900416264709794,2.3520000000000003,0.3584,8.782698539323682,-1.000966737849641
severity_heavy,1,1.4599131721708918,3.1508398999994824,0.5656558871269226,0.7703275084495544,0.0079539314513593,0.0414158438437,0.7604687279531329,2.160198915004125,0.3326653561177538,9.723277837598232,2.360765394343237
severity_heavy,1,2.9540298717666422,3.2546688000002177,0.42473965883255,0.7694879770278931,0.0138016490154479,0.2106956731590378,0.9488771697871874,2.158537825722622,0.3250505538163188,9.966194795223808,0.2775693811600472
severity_heavy,1,0.5425818811680648,4.545554600000287,0.3169766664505005,0.8238629698753357,0.0130841900951602,0.0489126649516382,0.8548958140729173,2.058245950685092,0.3209409695321725,9.955678112785325,-4.118271605050886
severity_heavy,1,13.807106399151566,4.291654600000584,0.101846270263195,0.3613927364349365,0.0284710170872263,1.0248954128075796,0.7997752563764979,1.8113367683706345,0.3102710947563106,11.180599721097291,1.915449232302154
severity_heavy,1,754.3450879917732,3.113503000000492,0.1367441266775131,0.1367441266775131,0.2261389959075438,0.2591951132367396,0.9269565312693788,1.8179189342485895,0.3462282144232037,11.91826270018978,-3.483496348733333
severity_heavy,0,,3.958201700000245,0.1588360071182251,0.2339852005243301,0.1140184133648663,2.7703964885659724,0.776472685975848,1.827558979236709,0.3279205143489034,10.39923869044356,2.114047274562103
severity_heavy,0,,4.20574409999972,0.1569342911243438,0.3168110847473144,0.0203474433360679,0.5096059516821589,0.7680703542525886,1.7890700363314522,0.26943404988313,10.104643390611658,-2.774296745320617
severity_heavy,1,179.54129054519265,2.86763080000037,0.5944045186042786,0.6987214088439941,0.0001380221487581,0.1712842907837513,0.8874215371493904,2.118799104395439,0.3499606184355847,8.603654173116723,-2.249303616784929
severity_heavy,1,0.9324563078548024,1.4672784999993382,0.5100348591804504,0.5112990736961365,0.0011898205786846,0.0719927032543292,0.834198220712801,2.309324440638369,0.3269064588707758,9.99976615110137,2.131259544247984
severity_heavy,1,893.762011210899,3.7774590000008175,0.2391074150800705,0.33191779255867,0.0187462216990342,0.6495970024168041,0.8192186717143844,1.9737829773760864,0.3268734567990218,8.867715635417323,3.330868575920295
severity_heavy,1,0.550732782586312,4.753128199999992,0.240125373005867,0.5742025375366211,0.0199990113685584,0.4485290013763885,0.900099414415727,2.3520000000000003,0.2875848099912563,10.085290236297787,4.312150461875085
severity_heavy,0,,3.904180599999563,0.2976293563842773,0.2976293563842773,0.0469153138998619,0.1736306738135551,0.932734673489352,2.105360393686407,0.3401694476217093,9.798146497740442,1.568368426814985
severity_heavy,1,0.9403984420049653,4.818740999999136,0.2633094787597656,0.6287993788719177,0.0215399854763041,0.0725890327508863,0.8710876733006895,2.208297798406304,0.3292517102070749,11.356609644859184,-0.2502977967505497
severity_heavy,1,4.170992620820645,4.100849400000698,0.210128515958786,0.6812569499015808,0.0008754952418922,0.1379103774897034,0.8458799507343261,2.138824456031046,0.286770129883439,8.493190544089156,-1.96020161349004
severity_heavy,1,0.2484554320072077,2.593296299999565,0.6242974400520325,0.7031168341636658,0.0014508504315064,0.2485497950239859,0.8137296022028554,1.8940385157850657,0.2914814010674038,10.65330486886631,-2.9999473240307992
severity_heavy,0,,4.421866600000612,0.0898416712880134,0.1018769368529319,0.0414988291119665,0.3096430992840959,0.9094217836765444,2.3520000000000003,0.3151649462699872,10.843725049109835,4.21032757521847
severity_heavy,1,3.2647851640692536,2.695756099999926,0.4073295295238495,0.5572505593299866,0.0020831306798539,0.0607717824374193,0.8787925886777774,2.029255795547076,0.324362776079676,10.981758643537589,0.895266869564936
severity_heavy,0,,4.021160100000088,0.0,0.0378446318209171,0.0586389269958821,0.0015929229082697,0.7594544910830409,1.8741591470863377,0.3241180721333255,8.88664221891868,0.4168249415867251
severity_heavy,1,1.5337670023544892,3.942295200000444,0.4922199249267578,0.9269942045211792,0.0042602508832954,0.0064869766096826,0.7634267034362168,1.7830260763539103,0.308782638662718,8.04236853623893,3.385619652892462
severity_heavy,1,405.31800380177935,2.8234287999994194,0.0937523394823074,0.0937523394823074,0.304476381606484,0.3437340721999018,0.9679562294733156,2.145252901556172,0.3584,11.502125576235615,-0.0085977807046546
