pair_id,set,severity,architecture,source_group,gt_found,gt_x,gt_y,gt_scale,gt_rot,x,y,scale,theta,score,secs,pre_x,pre_y,refiner_secs
p001,A,0,dram_1x,9120260909,1,741.292,264.317,8.0,-4.95,741.484020229429,264.9129103496671,8.000533988749895,-5.0,0.9021289944648743,1.840811041998677,741.8818326368928,264.9129103496671,0.006228666024981067
p002,A,0,dram_dense,9120268828,1,488.256,691.25,12.0,0.0,488.7786289122887,691.7544221878052,12.0,-0.12260179800185061,0.9260134100914001,5.4481265420035925,488.687206864357,691.7544221878052,0.010090625000884756
p003,A,0,dram_loose,9120276747,1,467.429,103.187,10.78,4.95,468.0093535222113,103.72293335199356,10.782117728704556,4.954796403996299,0.9510074853897095,2.3714259160042275,468.0490104742348,103.72293335199356,0.010396875004516914
p004,A,0,dram_wide,9120284666,1,909.475,859.538,9.92,0.55,910.5097899415996,860.0590121075511,9.944906398723866,0.7698153935018086,0.9477954506874084,2.518808540975442,909.7720968425274,860.0590121075511,0.011915500013856217
p005,A,0,dram_compact,9120292585,1,909.246,615.325,9.41,-4.61,910.0923106502742,615.8946165069938,9.409403898849803,-4.806504495004626,0.9189432859420776,1.8153862500039395,909.8084098547697,615.8946165069938,0.011058749980293214
p006,A,0,dram_legacy,9120300504,1,274.429,172.518,8.05,2.41,275.098391758278,173.08315861970186,8.05358377300814,2.4269323589958782,0.9343557953834534,2.9396927079942543,275.05033776536584,173.08315861970186,0.0041237910045310855
p007,A,0,finfet_7nm,9120308423,1,572.073,589.443,9.98,1.23,571.2726814718917,589.9541851095855,10.052178771471755,1.170436517504837,0.9224228262901306,2.1741134999901988,572.0755948796868,589.9541851095855,0.0033381249813828617
p008,A,0,finfet_10nm,9120316342,1,793.335,909.919,10.0,-2.95,793.7443006150424,910.4184632599354,10.044035755486524,-2.932505167995963,0.9359802603721619,2.0027130419912282,794.0193608812988,910.4184632599354,0.0032001250074245036
p009,A,0,finfet_14nm,9120324261,1,105.796,232.422,10.66,-1.26,105.48484508693218,232.9086064249277,10.66565734819914,-1.048602470993186,0.9371653199195862,3.5030824579880573,105.79841947555542,232.9086064249277,0.010368959017796442
p010,A,0,finfet_22nm,9120332180,1,288.221,295.859,8.13,2.12,288.90712568024173,296.4567780792713,8.131606064612543,2.0662525839979806,0.9307280778884888,1.929373792023398,288.49712559441105,296.4567780792713,0.01169258399750106
p011,A,0,finfet_28nm,9120340099,1,515.565,204.794,11.37,-0.06,516.0847679898143,205.3425516039133,11.363547383544624,0.13513629149524722,0.9352632164955139,4.333049375010887,516.4220768287778,205.3425516039133,0.010564333002548665
p012,A,0,finfet_45nm,9120348018,1,667.718,699.745,8.44,0.26,668.1259694290347,700.2643682956696,8.458554282243302,0.4452035960037013,0.9109563827514648,2.0703670409857295,667.9038715139031,700.2643682956696,0.011442374991020188
p013,A,0,dram_1x,9120355937,1,257.782,544.066,10.51,-1.16,259.2614298388362,544.537746284157,10.518081540542353,-1.3547964039962987,0.9119659066200256,2.352646166982595,258.76414728164673,544.537746284157,0.00910674998885952
p014,A,0,finfet_10nm,9120363856,1,315.837,462.272,8.76,1.82,315.96999867632985,462.7843860387802,8.76047317437663,1.8433402239946162,0.9418318271636963,1.8584663750079926,316.06088622286916,462.7843860387802,0.01120400000945665
p015,A,0,finfet_22nm,9120371775,1,352.892,496.619,10.88,3.6,353.7599447146058,497.13409197330475,10.900158946687936,3.5173395510032806,0.941282331943512,2.7731259579886682,353.552208147943,497.13409197330475,0.010398749989690259
p016,A,0,dram_dense,9120379694,1,645.21,695.001,8.22,-1.43,646.2005871180445,695.5493845045567,8.222298567374695,-1.3927277535051732,0.9400711059570312,1.8496423329925165,645.6499688327312,695.5493845045567,0.01156625000294298
p017,A,0,dram_legacy,9120387613,1,738.384,482.824,11.42,-1.28,739.5181750655174,483.3565979897976,11.429504729359424,-1.3147084275039957,0.9418441653251648,4.45372491600574,739.0338661372662,483.3565979897976,0.010942791006527841
p018,A,0,finfet_45nm,9120395532,1,841.767,850.94,10.3,-0.81,842.5793273575837,851.6142309010029,10.306397402753753,-0.9140873035009675,0.8494975566864014,2.620394416997442,842.2560939788818,851.6142309010029,0.00947362498845905
p019,A,0,dram_legacy,9120403451,1,708.004,909.971,11.85,4.21,708.5056038834155,910.5667006894946,11.822934354126442,4.0682625834942385,0.9215120673179626,7.369067499996163,708.4825546741486,910.5667006894946,0.01433379200170748
p020,A,0,dram_loose,9120411370,1,491.447,717.724,11.57,-1.18,492.0282720485702,718.2312811911106,11.567509596893629,-1.170436517504837,0.9066761136054993,3.7622954999969807,492.23040698468685,718.2312811911106,0.010327459021937102
p021,A,0,dram_dense,9120419289,1,580.538,857.367,9.89,3.25,581.069659050554,857.9087700769305,9.885440183192015,3.013155617496425,0.9338912963867188,2.3017506250180304,581.0411919653416,857.9087700769305,0.007885875005740672
p022,A,0,finfet_10nm,9120427208,1,455.523,737.636,11.86,1.0,455.83981954678893,738.1140809431672,11.804356347057343,0.6852915724960041,0.8124401569366455,5.634142875001999,456.72115448117256,738.1140809431672,0.010455457988427952
p023,A,0,dram_compact,9120435127,1,908.752,894.017,9.24,-2.76,909.5085199754685,894.4659989476204,9.317707898648306,-2.822291236000337,0.9184412360191345,2.279637958010426,909.5850101485848,894.4659989476204,0.010848250007256866
p024,A,0,finfet_22nm,9120443046,1,473.824,872.046,11.51,0.29,474.4404286071658,872.5826289132237,11.52900696480564,0.04721359549995796,0.9201364517211914,3.0741470420034602,474.39246068149805,872.5826289132237,0.010052082972833887
p025,A,0,dram_legacy,9120450965,1,910.021,421.219,11.92,4.88,910.7422379553318,421.8027195930481,11.869900900193096,4.7537914042481715,0.8584920167922974,5.794399374979548,910.0940616428852,421.8027195930481,0.011081500008003786
p026,A,0,dram_dense,9120458884,1,205.652,498.88,10.61,-2.49,206.1617718115449,499.3793894723058,10.597951180253554,-2.4832815729997475,0.9151560068130493,2.9749948749959003,206.38973668962717,499.3793894723058,0.01046879097702913
p027,A,0,finfet_14nm,9120466803,1,625.023,314.271,8.3,4.66,625.2422394156456,314.74560928344727,8.28830249748972,4.718728426496509,0.9269967675209045,2.2187437909888104,625.5735509693623,314.74560928344727,0.011560584011022002
p028,A,0,dram_legacy,9120474722,1,833.024,523.901,9.88,4.67,833.3671350367367,524.460219450295,9.82908050694316,4.684286572747875,0.9299559593200684,2.269938416982768,833.5749361515045,524.460219450295,0.007786333007970825
p029,A,0,finfet_14nm,9120482641,1,632.941,313.918,8.99,1.54,632.898960635066,314.4380334727466,8.933905064662918,1.4826604489967192,0.9235342741012573,1.9886024169973098,633.3071226477623,314.4380334727466,0.01111666698125191
p030,A,0,finfet_7nm,9120490560,1,764.664,214.263,10.7,4.13,765.4085422325879,214.71797704696655,10.678568308034597,4.133126291998991,0.9210843443870544,2.3939544589957222,765.4177785366774,214.71797704696655,0.010275999986333773
p031,A,0,finfet_22nm,9120498479,1,241.344,166.999,10.26,-3.56,240.24069393472746,167.54341128095984,10.253181073024935,-3.771825392998065,0.8649537563323975,2.6933342089760117,241.15212485194206,167.54341128095984,0.009402457973919809
p032,A,0,finfet_45nm,9120506398,1,272.925,526.671,9.19,-4.89,273.18581987172365,527.2381907403469,9.16673535526824,-4.754028652506099,0.8967871069908142,6.999819624994416,273.3150584548712,527.2381907403469,0.010950625000987202
p033,A,0,dram_dense,9120514317,1,288.327,641.632,8.86,4.09,288.33009545505047,642.1169685199857,8.864534054856856,4.18947550600286,0.9356689453125,2.2695429580053315,288.800565674901,642.1169685199857,0.011696750007104129
p034,A,0,dram_legacy,9120522236,1,882.611,823.99,10.64,0.02,883.4530065786093,824.5052921241149,10.633594298379657,0.011145618000168167,0.9358223080635071,2.2318268330127466,883.2180497944355,824.5052921241149,0.01042450001114048
p035,A,0,finfet_10nm,9120530155,1,311.504,704.931,8.1,1.49,312.35008569806814,705.5139525327832,8.09229646712283,1.358048651498612,0.9142528772354126,2.7263964579906315,312.1803090572357,705.5139525327832,0.01177183401887305
p036,A,0,dram_dense,9120538074,1,563.722,809.669,9.83,4.69,564.6009736116976,810.252119332552,9.82349626820586,4.554412528251199,0.8843501210212708,2.8098121659713797,563.8181730955839,810.252119332552,0.008005457988474518
p037,A,0,finfet_22nm,9120545993,1,868.954,569.097,10.01,-2.99,869.042898138985,569.6144965142012,10.038578109209968,-3.0334368540005046,0.9308728575706482,3.2762726670189295,869.5635613799095,569.6144965142012,0.003969749988755211
p038,A,0,dram_dense,9120553912,1,671.173,293.453,8.04,-1.99,671.5282858498394,293.95982483401895,8.05583635402569,-2.1003105620015137,0.9514384865760803,2.911093542003073,671.2522218227386,293.95982483401895,0.006400707992725074
p039,A,0,dram_legacy,9120561831,1,234.005,808.132,10.73,2.51,234.55143290665,808.6384083032608,10.772277871278657,2.4492235949962144,0.8582305312156677,4.205301040987251,234.4692080859095,808.6384083032608,0.010351792006986216
p040,A,0,dram_legacy,9120569750,1,909.307,600.609,8.79,3.81,910.4030030742288,601.0848447531462,8.785501634522706,3.8433402239946166,0.919076681137085,1.8792507500038482,909.9152852520347,601.0848447531462,0.011171874997671694
p041,A,0,finfet_22nm,9120577669,1,190.739,461.488,11.55,2.91,192.11582274734974,462.21185207366943,11.514337255410961,3.1284851690034485,0.8487126231193542,2.8085277499922086,191.64384289085865,462.21185207366943,0.010041416011517867
p042,A,0,dram_legacy,9120585588,1,212.845,232.506,11.16,4.44,213.5347210392356,232.95652753859758,11.076772775350518,4.247834719502987,0.9199709892272949,2.918017582996981,212.9059041067958,232.95652753859758,0.0101907089992892
p043,A,0,dram_dense,9120593507,1,244.307,297.955,9.67,-0.53,243.72571519156918,298.5079414770007,9.749786704961798,-0.683902697002776,0.9296118021011353,2.406373165984405,244.3232640028,298.5079414770007,0.007793833006871864
p044,A,0,finfet_22nm,9120601426,1,909.554,889.156,9.87,-2.48,909.629893258214,889.7559713125229,9.860127025136427,-2.4950483150029443,0.9073656797409058,2.455638374987757,909.5669049322605,889.7559713125229,0.007801500003552064
p045,A,0,dram_1x,9120609345,1,647.457,313.758,8.81,0.95,648.1676087006927,314.1241537630558,8.801930856687095,1.1108350559986544,0.8943313956260681,2.1726586669974495,647.890677832067,314.1241537630558,0.010806250007590279
p046,A,0,dram_wide,9120617264,1,764.237,219.967,10.7,-2.58,764.8314985176548,220.1981808692217,10.70153478799429,-1.9331262919989902,0.9035537242889404,5.141515041992534,764.6273533403873,220.1981808692217,0.01055199999245815
p047,A,0,finfet_10nm,9120625183,1,511.058,224.89,10.79,3.28,511.127129022032,225.4310991615057,10.740061679724624,3.069504831500294,0.8801227807998657,2.6400849999918137,511.36667293310165,225.4310991615057,0.010412959003588185
p048,A,0,finfet_45nm,9120633102,1,814.002,543.207,10.52,-2.75,814.4944908618927,543.7654523253441,10.5107081330031,-2.663000336495668,0.9187637567520142,2.5308979580004234,814.1024053916335,543.7654523253441,0.008963625004980713
p049,A,0,finfet_22nm,9120641021,1,264.923,106.629,10.26,-4.53,265.9007549881935,107.1628030538559,10.263155948031233,-4.573067641004122,0.8626583218574524,2.63966533401981,265.83690406382084,107.1628030538559,0.009303958009695634
p050,A,0,dram_wide,9120648940,1,594.972,284.261,9.7,0.87,595.3145066350698,284.7486675530672,9.691973342624465,0.8295634824951629,0.940508246421814,2.282897957979003,595.35483238101,284.7486675530672,0.009267124987673014
p051,A,0,finfet_7nm,9120656859,1,608.001,580.212,8.77,3.25,608.6633655242622,580.3725985586643,8.73960263328016,3.335757415498276,0.7679604887962341,2.3293455420061946,608.482963245362,580.3725985586643,0.011248875001911074
p052,A,0,finfet_28nm,9120664778,1,282.44,792.847,10.42,2.25,283.11286771297455,793.4201517403126,10.380374507245408,1.9041839335068553,0.9320819973945618,2.5482187079906,283.40060164034367,793.4201517403126,0.009595999988960102
p053,A,0,dram_compact,9120672697,1,434.038,105.337,11.51,3.96,434.81426125764847,105.91003820300102,11.518476209067245,3.956038652002355,0.9232122302055359,2.968517958011944,434.48097422719,105.91003820300102,0.010141209000721574
p054,A,0,finfet_10nm,9120680616,1,283.641,873.041,9.66,4.5,285.16937666386366,873.5756684243679,9.65601762537151,4.462232585005467,0.9055495262145996,2.169523582997499,284.3550129532814,873.5756684243679,0.00935512498836033
p055,A,0,finfet_7nm,9120688535,1,281.246,681.733,8.02,-2.88,282.5848735515028,682.2540424764156,8.03964625197716,-2.7534075285030704,0.8781490921974182,1.8677824170154054,281.32419261336327,682.2540424764156,0.003909541992470622
p056,A,0,finfet_10nm,9120696454,1,293.929,646.209,9.41,-0.4,293.39065247774124,646.7364965081215,9.406116292502734,-0.28390269700277593,0.9540739059448242,2.2993109580129385,293.8520917892456,646.7364965081215,0.01089558401145041
p057,A,0,dram_compact,9120704373,1,259.182,668.017,8.27,-3.77,259.5424864888191,668.6870371550322,8.274415226446148,-4.000621124003029,0.9378559589385986,2.645853833993897,259.4300776720047,668.6870371550322,0.01153441600035876
p058,A,0,dram_dense,9120712292,1,244.512,765.973,10.93,4.5,245.81844026595354,766.4707261584699,10.931363546217778,4.350776405003785,0.8975530862808228,2.686005083989585,245.55023131519556,766.4707261584699,0.010327500000130385
p059,A,0,finfet_7nm,9120720211,1,242.208,569.196,9.43,-1.3,242.47796472907066,569.7832771837711,9.448308530837041,-1.305572809000084,0.9418069124221802,2.1225655840244144,242.7440700829029,569.7832771837711,0.010555375018157065
p060,A,0,dram_loose,9120728130,1,527.408,725.206,10.8,4.75,528.1235233098269,725.1660594195127,10.89010136532617,4.1114561800016824,0.8541589379310608,2.7048269170045387,528.1823094636202,725.1660594195127,0.01020766599685885
p061,A,0,finfet_7nm,9120736049,1,789.431,771.062,11.09,-0.1,790.0680524217896,771.5272885039449,11.085246718898494,-0.2117667420031965,0.8650569915771484,3.099746583000524,789.7345919758081,771.5272885039449,0.010325209004804492
p062,A,0,finfet_22nm,9120743968,1,474.036,549.839,11.35,4.25,474.61153411865234,550.33920969069,11.339416193938378,4.221670111997308,0.8249086737632751,2.602580292004859,474.67132744193077,550.33920969069,0.010141000006115064
p063,A,0,finfet_10nm,9120751887,1,292.303,909.964,9.09,-1.31,292.6508992612362,910.4522012621164,9.107695068743176,-1.3718253929980655,0.9043524265289307,2.2802590829960536,292.81221747398376,910.4522012621164,0.010881374997552484
p064,A,0,dram_wide,9120759806,1,908.764,578.138,9.65,-1.92,909.4209873974323,578.6641070693731,9.642377608042986,-1.7764665159936068,0.9125280976295471,2.3527375829871744,909.1332446038723,578.6641070693731,0.009343584009911865
p065,A,0,dram_dense,9120767725,1,300.018,525.669,9.76,1.57,300.41240595281124,526.1645574569702,9.750806697993452,1.8800293254974345,0.9526097178459167,2.242170957993949,300.09681905806065,526.1645574569702,0.00796654197620228
p066,A,0,finfet_28nm,9120775644,1,281.838,625.642,8.67,1.32,282.19886772707105,626.1759318709373,8.674693536361344,1.22554348350265,0.9234277009963989,3.619347875006497,282.29719483852386,626.1759318709373,0.011423749994719401
p067,A,0,finfet_28nm,9120783563,1,247.301,264.585,8.71,3.91,247.57382307201624,264.9034092128277,8.70448800537318,4.078019326001178,0.8532989025115967,4.881751874985639,247.65670429170132,264.9034092128277,0.011322791979182512
p068,A,0,dram_loose,9120791482,1,829.644,688.802,8.12,-0.29,830.0750866094604,689.3913848102093,8.112624059533204,-0.3580486514986119,0.9609441757202148,1.994662375014741,830.5087124118581,689.3913848102093,0.011589917005039752
p069,A,0,finfet_45nm,9120799401,1,227.706,262.162,9.44,3.7,228.38544312492013,262.6430409103632,9.425199167106037,3.697058314499201,0.9139506220817566,2.414653999992879,228.5634113177657,262.6430409103632,0.010825540986843407
p070,A,0,dram_loose,9120807320,1,260.282,827.633,9.88,1.4,260.7833503931761,828.3190825581551,9.91128310538158,1.4609903369994113,0.8851100206375122,2.285455417004414,261.16426053643227,828.3190825581551,0.007818249985575676
p071,B,1,finfet_22nm,9120815239,1,497.975,360.15,11.13,0.67,497.8265215307474,360.6261233985424,11.122421926823943,0.5730676410041219,0.8835358023643494,3.977611332986271,498.3226666599512,360.6261233985424,0.010176457988563925
p072,B,1,dram_wide,9120823158,1,731.434,217.795,11.34,-2.78,731.4771116897464,218.24186693131924,11.344645551893207,-2.930495168499706,0.8269425630569458,3.5212849999952596,731.9173115566373,218.24186693131924,0.010086666996357962
p073,B,2,dram_compact,9120831077,1,812.483,224.914,9.84,4.34,813.3976715938188,225.44193835556507,9.844053549105867,4.335757415498276,0.7882012724876404,2.4337242920009885,813.394692055881,225.44193835556507,0.007808667025528848
p074,B,1,dram_compact,9120838996,1,201.998,756.447,11.32,3.19,202.90040591359138,756.94709174335,11.299542786399124,3.5469030334984435,0.8388991355895996,2.952724832983222,202.6256581544876,756.94709174335,0.010085999994771555
p075,B,1,finfet_10nm,9120846915,1,528.258,493.242,10.32,-1.32,528.8531465828419,493.8350856155157,10.332801397783568,-1.305572809000084,0.8365614414215088,2.3888691659958567,528.3892388045788,493.8350856155157,0.009635958005674183
p076,B,4,dram_1x,9120854834,1,715.361,540.319,12.0,-2.0,714.0087038129568,540.969800516963,12.0,-2.208514494500883,0.21769940853118896,3.9965817920165136,715.3817245960236,540.969800516963,0.00998808300937526
p077,B,3,finfet_22nm,9120862753,1,610.817,98.467,9.0,-4.0,608.9898829869926,98.96692669764161,8.975458511627911,-3.8439613479976447,0.5869336128234863,6.645729500014568,610.3086530864239,98.96692669764161,0.011512291006511077
p078,B,4,dram_1x,9120870672,1,893.13,907.328,9.5,-1.0,893.9336736313999,907.862835496664,9.607892403005625,-0.9560386520023554,0.4746093451976776,4.395443000015803,893.891668215394,907.862835496664,0.009987291996367276
p079,B,2,finfet_10nm,9120878591,1,830.33,909.964,9.55,-3.3,830.846776816994,910.6095051541924,9.571354916816382,-3.58421325900429,0.6755166053771973,5.17311470900313,831.7171993106604,910.6095051541924,0.010009917023126036
p080,B,3,finfet_22nm,9120886510,1,549.317,275.752,10.0,2.0,549.7677350119775,276.2887331843376,9.972781440785827,2.15340752850307,0.6084992289543152,4.942026874981821,549.9360388964415,276.2887331843376,0.007905458012828603
p081,B,1,dram_loose,9120894429,1,816.383,758.826,10.43,4.96,817.4849757254124,759.3608292043209,10.458438686844095,4.78947550600286,0.8297818303108215,4.664825625019148,817.0228208899498,759.3608292043209,0.00908562500262633
p082,B,3,dram_dense,9120902348,1,457.279,227.637,11.5,-4.0,457.04463415639475,228.17724995315075,11.44147827626563,-3.7554175279993274,0.7046687602996826,3.414774624980055,458.0081930141896,228.17724995315075,0.010068916977616027
p083,B,3,dram_dense,9120910267,1,514.734,234.247,10.0,4.0,513.8799606524408,234.6835874170065,9.990767445067583,4.043961347997645,0.5608879327774048,6.958358124975348,513.8240552544594,234.6835874170065,0.008088500006124377
p084,B,1,dram_legacy,9120918186,1,305.961,233.264,9.13,-2.77,305.86142651736736,233.68331745266914,9.107695068743176,-2.744271909999159,0.8599516749382019,2.3568917920056265,305.9245620071888,233.68331745266914,0.01096862499252893
p085,B,2,dram_compact,9120926105,1,630.519,641.606,8.43,4.33,631.1569485655054,642.1169291734695,8.44113968679372,4.136378539501304,0.8139286041259766,2.412095125007909,630.6895021796227,642.1169291734695,0.011641083023278043
p086,B,2,dram_loose,9120934024,1,909.642,261.318,9.82,1.53,910.2620772756636,262.02488293498755,9.776621160036937,1.7383885389975604,0.7969703078269958,2.777115082979435,910.0311561860144,262.02488293498755,0.008472290995996445
p087,B,3,dram_1x,9120941943,1,906.458,798.72,10.5,-2.0,907.1641115099192,799.1461151987314,10.484237620787507,-2.2222912360003364,0.6982693672180176,6.362962124985643,908.8351457566023,799.1461151987314,0.009045333979884163
p088,B,2,dram_loose,9120949862,1,280.231,629.849,8.4,-2.92,280.3329081237316,630.3415554314852,8.392584437058186,-2.864863708504753,0.8281559348106384,2.316704041993944,280.2896654754877,630.3415554314852,0.010821125004440546
p089,B,3,dram_loose,9120957781,1,814.626,818.524,10.5,-1.0,813.8166388012469,819.0807787403464,10.502387102795739,-1.170436517504837,0.5424071550369263,4.6631499999784864,815.8034132421017,819.0807787403464,0.009106374986004084
p090,B,1,finfet_7nm,9120965700,1,614.524,909.905,9.26,0.52,615.2490751016885,910.424283862114,9.267588204886238,0.42879573100496304,0.8490627408027649,2.40118079201784,615.4787629116327,910.424283862114,0.011029125016648322
p091,B,1,dram_compact,9120973619,1,490.732,495.486,10.38,-4.41,493.0375823639333,496.0154578089714,10.373592669817812,-4.639320225002103,0.8725796937942505,2.4760036670195404,492.3113888204098,496.0154578089714,0.009672957996372133
p092,B,3,finfet_10nm,9120981538,1,223.697,553.086,10.5,2.0,223.7533678021282,553.398160032928,10.562513695256486,1.8097567425069399,0.4398680031299591,4.563311874982901,223.63594579696655,553.398160032928,0.010304750001523644
p093,B,2,finfet_10nm,9120989457,1,326.189,327.025,8.04,1.33,327.03736495412886,327.52872654795647,8.048260113693223,1.1777087639996635,0.7926716208457947,1.8550209999957588,327.0241928640753,327.52872654795647,0.00383166698156856
p094,B,2,dram_loose,9120997376,1,823.806,540.468,10.05,3.59,825.1993054170161,541.1073531210423,10.032544318780957,3.4839026970027756,0.7771402597427368,2.4339600420207717,824.8258814066648,541.1073531210423,0.0033610840036999434
p095,B,4,dram_loose,9121005295,1,589.258,908.531,9.5,4.0,589.4606499411166,908.9311299398541,9.4913196601125,4.246592471496929,0.5023131966590881,7.093521624978166,589.2597092688084,908.9311299398541,0.011101207986939698
p096,B,4,dram_wide,9121013214,1,698.134,708.414,8.0,-4.0,698.0467366948724,709.0900628045201,8.0,-4.42592735924775,0.4645834267139435,4.778342207981041,698.0298032928258,709.0900628045201,0.004120875004446134
p097,B,1,finfet_10nm,9121021133,1,750.887,181.419,11.88,-2.31,750.2538989335299,182.00128649664111,11.922913429636466,-2.335757415498276,0.8088042736053467,2.543262249993859,751.0223298557103,182.00128649664111,0.009944124991307035
p098,B,1,dram_loose,9121029052,1,555.655,509.835,10.36,2.49,556.1976420599967,510.3048728108406,10.329894968986649,2.447213595499958,0.8451384902000427,2.56208229099866,555.9795661587268,510.3048728108406,0.009662458003731444
p099,B,2,finfet_14nm,9121036971,1,861.653,447.318,10.15,-0.48,861.5068195946515,447.8722510188818,10.21305274986147,-0.5921066295021451,0.6769289374351501,4.698604625009466,862.2978090047836,447.8722510188818,0.009285250009270385
p100,B,3,dram_wide,9121044890,1,908.457,581.675,10.0,-1.0,908.7076610533986,582.1680312603712,10.015517060481908,-1.1894755060028601,0.6625022888183594,9.758306375006214,909.0018775148783,582.1680312603712,0.003626291989348829
p101,B,2,dram_wide,9121052809,1,615.699,209.801,11.46,-2.22,616.328486174345,210.24642015993595,11.470888869532367,-2.2328157299974762,0.8345813751220703,2.569177541008685,615.8166950196028,210.24642015993595,0.010028542019426823
p102,B,2,dram_dense,9121060728,1,613.326,909.942,9.25,-0.79,613.914309501648,910.4515939429402,9.286732224397612,-0.8859126964990325,0.721872866153717,2.2635775830131024,613.6938015669584,910.4515939429402,0.01087649998953566
p103,B,4,dram_loose,9121068647,1,232.264,908.044,9.5,-4.0,233.60593678429723,908.6093229353428,9.55751056438586,-3.8433402239946166,0.5224975943565369,4.0031926250085235,233.24768763780594,908.6093229353428,0.010078208986669779
p104,B,4,dram_wide,9121076566,1,727.495,677.061,8.0,2.0,728.5655299350619,677.2316718101501,8.0,1.8753882025018924,0.4594043493270874,4.679497792007169,728.5449180305004,677.2316718101501,0.004059875005623326
p105,B,2,dram_1x,9121084485,1,303.359,909.937,9.4,1.82,304.0132578583434,910.4279529750347,9.381573710385355,1.5547964039962987,0.7940745949745178,2.2030406669946387,303.5141390832141,910.4279529750347,0.01081762500689365
p106,B,3,dram_1x,9121092404,1,214.559,440.778,11.0,-4.0,215.78241174295545,441.3397444188595,11.046528856787845,-4.155417527999326,0.5569466948509216,6.539658374997089,216.37603841722012,441.3397444188595,0.010914500016951934
p107,B,1,finfet_10nm,9121100323,1,728.131,909.919,11.57,-1.42,728.785757958889,910.4618503749371,11.573625558861554,-1.4622325850054678,0.8916900157928467,2.558358041977044,729.2913517951965,910.4618503749371,0.009983165975427255
p108,B,3,finfet_45nm,9121108242,1,238.846,734.67,12.0,-1.0,239.21238734200597,735.1394156068563,11.881131490068004,-0.9671842700025238,0.5655678510665894,5.629484000004595,238.17998220026493,735.1394156068563,0.010086041991598904
p109,B,1,dram_legacy,9121116161,1,908.768,910.001,9.35,4.86,909.2243975996971,910.4698657132685,9.355785238686927,4.7878493822517045,0.8626156449317932,2.8207039999833796,909.0658797621727,910.4698657132685,0.011060999997425824
p110,B,1,dram_compact,9121124080,1,247.295,546.673,9.88,-2.83,248.06864242628217,547.198484390974,9.885440183192015,-2.8308057305012198,0.8745555281639099,2.5289817080192734,248.03831842914224,547.198484390974,0.008133499999530613
p111,B,1,dram_1x,9121131999,1,792.212,538.024,10.19,-4.08,794.2325593531132,538.5668014734983,10.208942586886069,-4.121359549995794,0.8563532829284668,2.403841708000982,793.7400324940681,538.5668014734983,0.009307375003118068
p112,B,4,finfet_7nm,9121139918,1,377.736,456.872,11.5,-3.0,378.5637788986787,457.47681098245084,11.536620625220388,-3.0970583144992005,0.3951911926269531,5.507273042021552,378.54978822544217,457.47681098245084,0.01011533397831954
p113,B,3,dram_1x,9121147837,1,222.789,367.056,11.0,1.0,223.85899942927063,367.56528636813164,11.013153682511962,0.48792269599528926,0.63338303565979,4.537399916996947,224.01555812358856,367.56528636813164,0.01037908298894763
p114,B,4,dram_1x,9121155756,1,219.55,710.766,11.5,3.0,219.84413606161252,711.2006121724844,11.560721726118713,2.6662525839979816,0.4384545683860779,5.47234758301056,219.86580882966518,711.2006121724844,0.00994449999416247
p115,B,2,dram_compact,9121163675,1,142.821,326.686,8.25,2.05,143.27301130536944,327.1844284385443,8.24366330947864,1.7756987645034068,0.8203724026679993,2.212514209008077,143.0140386307612,327.1844284385443,0.01150733302347362
p116,B,1,dram_legacy,9121171594,1,238.046,453.283,11.72,3.45,238.59731500595808,453.7578033208847,11.748672143161784,3.7140873035009667,0.8798695206642151,3.158241833996726,238.71110999584198,453.7578033208847,0.01025699998717755
p117,B,1,dram_legacy,9121179513,1,810.465,240.566,10.39,-0.5,810.7674644105136,241.07722382247448,10.3853677106876,-0.6399413490051314,0.8987647891044617,2.076755249989219,811.6851177215576,241.07722382247448,0.009779124986380339
p118,B,3,dram_loose,9121187432,1,695.621,725.902,8.0,1.0,696.1975189428777,726.4990191591205,8.005465512467463,0.6990683139954575,0.6252975463867188,6.328892749996157,695.759585827589,726.4990191591205,0.003968709002947435
p119,B,3,dram_1x,9121195351,1,236.847,569.899,9.5,-3.0,235.7785992845893,570.4911074107513,9.497883238787676,-2.720591798505594,0.5666970014572144,5.612630540999817,235.74621807038784,570.4911074107513,0.010549332975642756
p120,B,4,finfet_10nm,9121203270,1,479.72,526.772,11.0,0.0,480.0963474214077,527.1723497062922,11.121002199412308,-0.1554175279993271,0.4751046597957611,4.730028875026619,480.0687269791961,527.1723497062922,0.01084716699551791
p121,B,2,dram_1x,9121211189,1,902.619,860.303,9.83,-0.24,903.2079182770103,860.8240467756987,9.872783604164221,-0.3134661794979392,0.714368462562561,7.151246208988596,903.1771602034569,860.8240467756987,0.009165291994577274
p122,B,4,finfet_7nm,9121219108,1,820.591,817.815,10.5,0.0,820.081205284223,818.5585347674787,10.538033988749895,-0.15541752799932698,0.40736791491508484,6.828950790979434,820.0860516130924,818.5585347674787,0.010667291993740946
p123,B,1,dram_compact,9121227027,1,908.731,909.946,9.03,4.12,908.8505816478282,910.5616614185274,8.994307166703042,4.314708427503995,0.8403422236442566,3.897267082997132,908.9212183356285,910.5616614185274,0.011039208999136463
p124,B,3,dram_compact,9121234946,1,617.547,909.927,9.0,2.0,618.6295368662104,910.5665127113461,8.982521459306524,1.8648637085047528,0.6892256736755371,3.654700667015277,618.4076601490378,910.5665127113461,0.011079541000071913
p125,B,4,dram_dense,9121242865,1,275.329,627.773,9.0,0.0,275.69626826490276,628.1386838704348,8.99886214604987,-0.1744565164973502,0.47278857231140137,6.218904457986355,275.69346982240677,628.1386838704348,0.011869124980876222
p126,B,4,finfet_14nm,9121250784,1,520.804,221.56,11.0,-2.0,522.0407319087535,222.1122216284275,10.989693969037024,-2.244582472000673,0.3694669306278229,3.5091866249858867,522.009479707107,222.1122216284275,0.010378334001870826
p127,B,3,dram_compact,9121258703,1,712.844,692.47,8.0,4.0,715.6939597576857,693.0418683700264,8.037565243270931,4.155417527999327,0.6569399237632751,4.791783041000599,714.3351396918297,693.0418683700264,0.003925583994714543
p128,B,1,dram_compact,9121266622,1,682.487,700.151,8.55,-0.13,682.3087009824812,700.763390108943,8.615192268407357,-0.11408730350096749,0.9016432762145996,2.914262166013941,682.6727584302425,700.763390108943,0.011420166993048042
p129,B,4,dram_compact,9121274541,1,610.47,908.512,9.0,-2.0,611.301777979359,909.0126269189641,9.11737837125347,-1.9219806739988219,0.4575101137161255,5.538246125011938,610.2211212366819,909.0126269189641,0.010915541992289945
p130,B,2,finfet_45nm,9121282460,1,744.232,364.482,11.27,0.22,745.7545196339488,364.9822663515806,11.273413027033838,0.011145618000168167,0.7330607771873474,2.7073196659912355,745.2583813369274,364.9822663515806,0.010254291002638638
p131,B,2,dram_loose,9121290379,1,505.038,909.979,10.23,-1.74,504.85409785062075,910.5342992953956,10.2662543147007,-2.208514494500883,0.8535493016242981,2.531103583984077,505.344694301486,910.5342992953956,0.00928433399531059
p132,B,1,finfet_45nm,9121298298,1,256.505,817.939,10.26,3.87,257.3868254646659,818.4910737955943,10.273405365124674,3.7193495504995373,0.7862756252288818,2.3316879579797387,256.6082575470209,818.4910737955943,0.009533250005915761
p133,B,2,finfet_10nm,9121306217,1,719.529,89.976,11.13,3.1,719.6368589103222,90.46301594004035,11.136359447854922,2.9337474160020194,0.7654603123664856,2.4385265419841744,719.7205082476139,90.46301594004035,0.010067584022181109
p134,B,2,dram_loose,9121314136,1,523.195,256.888,9.5,4.19,523.9635473489761,257.4329681545496,9.50941489591134,4.458980337503155,0.7579818367958069,2.346056749986019,524.3205763250589,257.4329681545496,0.010581459006061777
p135,B,2,dram_dense,9121322055,1,662.26,720.174,11.75,-3.83,663.3433353193104,720.6763839572668,11.76595744795567,-4.165942021996467,0.7520525455474854,5.175287416001083,662.5891527533531,720.6763839572668,0.010666624992154539
p136,B,3,finfet_14nm,9121329974,1,507.9,204.857,11.0,2.0,508.22041772678494,205.38665279746056,11.114636820350938,2.1226017980018503,0.5278924107551575,4.959912333986722,507.5223594792187,205.38665279746056,0.010077082988573238
p137,B,4,finfet_45nm,9121337893,1,214.374,466.317,12.0,2.0,214.35439994186163,466.6593934893608,12.0,1.5934955049953734,0.47670796513557434,6.118117250007344,214.28971682488918,466.6593934893608,0.01004112500231713
p138,B,4,dram_1x,9121345812,1,372.747,740.749,11.5,2.0,372.4678819756955,741.4057016298175,11.481534787994292,1.9698153935018088,0.5316832661628723,5.6444559170049615,372.45517330244184,741.4057016298175,0.010647290997439995
p139,B,1,finfet_45nm,9121353731,1,355.283,859.388,8.18,4.25,355.828911870718,859.9507393240929,8.204677040769036,4.280650449500462,0.8458806872367859,2.387040166009683,355.7288658320904,859.9507393240929,0.011640374985290691
p140,B,3,dram_1x,9121361650,1,818.118,839.903,10.0,-4.0,818.7807441167533,840.4263351336122,10.011099033699942,-4.2455874717488005,0.5707062482833862,5.27001162499073,818.7405310422182,840.4263351336122,0.0032026249973569065
p141,C,2,finfet_45nm,9121369569,0,0.0,0.0,0.0,0.0,539.9437117874622,507.4493797942996,10.145434023591633,-0.012387866006224824,0.011379166506230831,4.251447290997021,539.9437117874622,507.4493797942996,4.5899651013314724e-07
p142,C,0,finfet_10nm,9121377488,0,0.0,0.0,0.0,0.0,589.2558170258999,117.89662439376116,9.336530689631434,0.17832988800269192,0.022838786244392395,5.135950291994959,589.2558170258999,117.89662439376116,4.5899651013314724e-07
p143,C,0,finfet_14nm,9121385407,0,0.0,0.0,0.0,0.0,277.0536602512002,937.3535252213478,11.649805198665097,-2.4636214604986963,0.02804446965456009,5.0004900000058115,277.0536602512002,937.3535252213478,2.0800507627427578e-07
p144,C,1,finfet_45nm,9121393326,0,0.0,0.0,0.0,0.0,33.18637688698723,132.75538399353547,8.707970043506004,3.1003105620015137,0.0,5.598927291983273,33.18637688698723,132.75538399353547,4.169996827840805e-07
p145,C,1,finfet_28nm,9121401245,0,0.0,0.0,0.0,0.0,137.1187548339367,574.44384136796,8.313177840013434,-0.3789510120057202,0.06286104768514633,7.926272875018185,137.1187548339367,574.44384136796,4.580069798976183e-07
p146,C,0,dram_wide,9121409164,0,0.0,0.0,0.0,0.0,721.5402167439461,80.62297566235065,9.484739153169341,0.6990683139954575,0.04153000935912132,4.577682166011073,721.5402167439461,80.62297566235065,3.7500285543501377e-07
p147,C,2,finfet_10nm,9121417083,0,0.0,0.0,0.0,0.0,74.41885497421026,92.54912083595991,8.616103564738479,-1.5009316860045425,0.029215432703495026,3.8108246669871733,74.41885497421026,92.54912083595991,3.7500285543501377e-07
p148,C,0,dram_legacy,9121425002,0,0.0,0.0,0.0,0.0,200.00094893027563,162.4017145037651,10.90698283737722,1.2498447189992428,0.026085687801241875,5.904634917009389,200.00094893027563,162.4017145037651,2.910092007368803e-07
p149,C,2,finfet_22nm,9121432921,0,0.0,0.0,0.0,0.0,31.430476132155476,276.10610690330464,11.691388836478886,3.2202812365040794,0.0,4.5798383750079665,31.430476132155476,276.10610690330464,2.500019036233425e-07
p150,C,1,finfet_14nm,9121440840,0,0.0,0.0,0.0,0.0,944.2624996020044,992.3823010056425,11.851643484694822,-2.4891649440013457,0.0,5.549525750015164,944.2624996020044,992.3823010056425,2.500019036233425e-07
p151,C,2,dram_compact,9121448759,0,0.0,0.0,0.0,0.0,692.7878375202417,353.8231186270714,11.386458114986144,-0.043961347997644756,0.07214335352182388,4.91228391599725,694.3297340273857,353.8231186270714,3.7497375160455704e-07
p152,C,1,finfet_28nm,9121456678,0,0.0,0.0,0.0,0.0,658.2650389671326,300.0371609404683,11.906011961573338,3.866873708001009,0.06422366946935654,4.94728854202549,658.2650389671326,300.0371609404683,2.499727997928858e-07
p153,C,0,dram_wide,9121464597,0,0.0,0.0,0.0,0.0,486.92610812187195,556.0482929050922,11.628262379212492,1.694427190999916,0.04575510695576668,5.087008208007319,486.92610812187195,556.0482929050922,4.169996827840805e-07
p154,C,1,dram_legacy,9121472516,0,0.0,0.0,0.0,0.0,857.4809376597404,500.3689889907837,10.839516261237511,-1.4701259555033228,0.014467413537204266,5.604096833994845,857.4809376597404,500.3689889907837,4.169996827840805e-07
p155,C,0,dram_1x,9121480435,0,0.0,0.0,0.0,0.0,868.5869209393859,717.5,10.393723156359675,-4.333747416002018,0.06306447833776474,3.643560875003459,868.5869209393859,717.5,2.500019036233425e-07
p156,C,2,dram_1x,9121488354,0,0.0,0.0,0.0,0.0,647.5971016809344,507.079136967659,12.0,0.22229123600033665,0.01400543749332428,5.601319749985123,647.5971016809344,507.079136967659,4.169996827840805e-07
p157,C,0,dram_compact,9121496273,0,0.0,0.0,0.0,0.0,813.0226094387472,954.0,11.860005231122493,0.16130089900092515,0.0305902361869812,5.120557417016244,813.0226094387472,954.0,2.9199873097240925e-07
p158,C,1,finfet_22nm,9121504192,0,0.0,0.0,0.0,0.0,143.12021616846323,948.0656084269285,11.638322658769207,-3.83080573050122,0.09112052619457245,5.2518449159979355,143.12021616846323,948.0656084269285,2.500019036233425e-07
p159,C,2,finfet_7nm,9121512111,0,0.0,0.0,0.0,0.0,1004.7346563502307,926.951674935229,11.708888238535804,4.988854381999832,0.0,2.049997499998426,1004.7346563502307,926.951674935229,5.00003807246685e-07
p160,C,1,finfet_14nm,9121520030,0,0.0,0.0,0.0,0.0,952.0,416.06824704259634,10.120893502711777,-4.299689437998485,0.0398910753428936,5.147711083991453,952.0,416.06824704259634,4.1601015254855156e-07
p161,C,2,dram_wide,9121527949,0,0.0,0.0,0.0,0.0,359.50747813796625,84.32198363542557,8.872228258248676,-1.7495341569977292,0.050078973174095154,4.305890582996653,359.50747813796625,84.32198363542557,2.500019036233425e-07
p162,C,2,finfet_28nm,9121535868,0,0.0,0.0,0.0,0.0,925.6116001101957,995.30461773723,11.885873876248844,-3.5108350559986543,0.0,5.919326665985864,925.6116001101957,995.30461773723,3.3300602808594704e-07
p163,C,0,dram_wide,9121543787,0,0.0,0.0,0.0,0.0,192.70223711431026,248.45893216133118,11.796257547712198,-0.05371809050458457,0.05588049441576004,6.000530791003257,192.70223711431026,248.45893216133118,3.3300602808594704e-07
p164,C,2,dram_1x,9121551706,0,0.0,0.0,0.0,0.0,942.1769304366808,992.5264921684203,11.698294835580553,-3.5679520214927236,0.0,5.095500041992636,942.1769304366808,992.5264921684203,5.00003807246685e-07
p165,C,1,finfet_22nm,9121559625,0,0.0,0.0,0.0,0.0,672.7368548512459,433.7514086961746,11.641284505549491,-1.4911749434976025,0.01956980489194393,5.24893658401561,672.7368548512459,433.7514086961746,4.169996827840805e-07
p166,C,2,finfet_10nm,9121567544,0,0.0,0.0,0.0,0.0,390.50755777955055,606.2651145160198,11.231633455125516,-3.710213931995626,0.030682258307933807,5.565317290980602,390.50755777955055,606.2651145160198,3.3300602808594704e-07
p167,C,1,finfet_10nm,9121575463,0,0.0,0.0,0.0,0.0,394.7632296383381,683.547724109143,12.0,0.9547964039962987,0.030027657747268677,5.4618629579781555,399.5389330089092,683.547724109143,4.169996827840805e-07
p168,C,1,finfet_22nm,9121583382,0,0.0,0.0,0.0,0.0,806.0,101.7432881295681,12.0,-1.83080573050122,0.025865551084280014,4.8780742919771,806.0,101.7432881295681,4.169996827840805e-07
p169,C,2,finfet_22nm,9121591301,0,0.0,0.0,0.0,0.0,840.1226532459259,329.4855685532093,12.0,-1.3547964039962987,0.05608449503779411,5.178054874995723,840.1226532459259,329.4855685532093,1.659791450947523e-07
p170,C,2,finfet_22nm,9121599220,0,0.0,0.0,0.0,0.0,871.8823519647121,931.5,11.704308362589206,3.650465843002271,0.03310045972466469,4.868761207995703,871.8823519647121,931.5,1.4579854905605316e-06
p171,C,1,dram_legacy,9121607139,0,0.0,0.0,0.0,0.0,954.5,447.5859119296074,10.82691532858702,4.521980673998823,0.039577025920152664,4.365979124995647,954.5,447.5859119296074,4.1601015254855156e-07
p172,C,1,finfet_45nm,9121615058,0,0.0,0.0,0.0,0.0,85.38307878375053,152.01455428637564,10.830438452489298,3.8510869670052994,0.01660838909447193,4.475317125004949,85.38307878375053,152.01455428637564,3.33995558321476e-07
p173,C,0,finfet_22nm,9121622977,0,0.0,0.0,0.0,0.0,847.9504917785525,926.1763187348843,8.830407396289147,-2.980339887498948,0.04838885739445686,4.370782125013648,847.9504917785525,926.1763187348843,3.7500285543501377e-07
p174,C,1,finfet_14nm,9121630896,0,0.0,0.0,0.0,0.0,698.0564704425633,491.5057134926319,10.45785251312233,-3.641951348501388,0.034327182918787,5.178820542001631,698.0564704425633,491.5057134926319,4.580069798976183e-07
p175,C,0,dram_1x,9121638815,0,0.0,0.0,0.0,0.0,630.6275618374348,596.4861503262073,11.311394932952737,-2.0924171915036593,0.022457502782344818,5.5263530839874875,630.6275618374348,596.4861503262073,4.1601015254855156e-07
p176,C,1,dram_1x,9121646734,0,0.0,0.0,0.0,0.0,498.9606215879321,129.68868002295494,10.732267943850223,-1.3167184270002523,0.007946589961647987,4.257597042014822,498.9606215879321,129.68868002295494,4.169996827840805e-07
p177,C,0,finfet_45nm,9121654653,0,0.0,0.0,0.0,0.0,842.7171887308359,452.70176857709885,9.496383172680714,2.3055728090000844,0.016398632898926735,6.835472875012783,844.9001625180244,452.70176857709885,4.999979864805937e-06
p178,C,1,finfet_22nm,9121662572,0,0.0,0.0,0.0,0.0,41.5,590.5,12.0,-0.2996894379984858,0.037934284657239914,10.100032124988502,41.5,590.5,1.500011421740055e-06
p179,C,0,dram_1x,9121670491,0,0.0,0.0,0.0,0.0,373.7106190621853,637.0602318644524,11.776260576441953,-0.8170289890017666,0.11943639814853668,6.0004742500022985,378.5,637.0602318644524,3.7497375160455704e-07
p180,C,1,finfet_28nm,9121678410,0,0.0,0.0,0.0,0.0,100.64640328288078,866.0135255074129,10.993116695105362,-1.6419513485013877,0.05872898921370506,7.512214250018587,100.64640328288078,866.0135255074129,4.169996827840805e-07
p181,D,1,finfet_22nm,9121686329,1,511.718,840.494,10.3,1.9,512.7529833763838,841.1594302356243,10.31308563890521,1.6072722464948268,0.7122724652290344,4.976286584016634,512.6795711070299,841.1594302356243,0.010165708023123443
p182,D,0,dram_dense,9121694248,1,489.435,777.625,10.61,-3.82,490.0338042676449,778.402792930603,10.602956348249517,-3.8097567425069396,0.7988102436065674,2.697888958005933,489.8173474371433,778.402792930603,0.01052991600590758
p183,D,1,finfet_10nm,9121702167,1,814.905,746.485,10.42,-0.97,815.1288115754724,747.0208226237446,10.431448518092516,-0.42693235899587817,0.22161729633808136,5.208211625023978,815.0637249425054,747.0208226237446,0.009220291016390547
p184,D,1,finfet_22nm,9121710086,1,744.716,871.787,11.5,0.39,745.1778196208179,872.3699947595596,11.632018094081102,0.17770876399966345,0.7864051461219788,2.4480877079768106,745.2131890654564,872.3699947595596,0.009958916023606434
p185,D,0,dram_1x,9121718005,1,297.855,909.981,9.07,3.13,298.3373862206936,910.4946971791796,9.046812563092935,3.10155281000757,0.9228203892707825,2.173215333983535,298.235400557518,910.4946971791796,0.01115649999701418
p186,D,0,dram_wide,9121725924,1,692.028,702.302,8.12,0.1,693.61771248281,702.9184052497149,8.091179907211819,-0.009903369994111635,0.9221949577331543,2.26478420800413,693.3199463188648,702.9184052497149,0.012014459003694355
p187,D,1,finfet_22nm,9121733843,1,570.238,115.682,9.07,4.39,570.2845524027944,116.2641337364912,9.081695134850138,4.3029416855008,0.9379344582557678,2.815183375001652,570.6021364107728,116.2641337364912,0.013978125003632158
p188,D,0,finfet_10nm,9121741762,1,475.631,777.374,11.37,-1.96,476.4219358228147,777.9087704718113,11.3730842387373,-1.7534075285030704,0.675291895866394,8.023936999990838,476.39520716667175,777.9087704718113,0.012111833988456056
p189,D,1,finfet_10nm,9121749681,1,212.258,598.379,11.03,-3.16,213.24901607632637,598.913521207869,11.0182788748048,-3.1003105620015137,0.8462509512901306,4.230000625015236,213.11565424501896,598.913521207869,0.012502583005698398
p190,D,1,finfet_10nm,9121757600,1,832.289,132.221,10.36,-2.21,832.8423055112362,132.8097115457058,10.31308563890521,-2.2806504495004627,0.4508717656135559,6.936779459007084,832.4128096401691,132.8097115457058,0.0097499169933144
p191,D,0,finfet_10nm,9121765519,1,882.208,850.094,9.35,2.04,882.2721493393183,850.8573553413153,9.338463379162116,2.113466179497939,0.9236147403717041,2.395342415984487,882.2628727555275,850.8573553413153,0.009958333015674725
p192,D,1,finfet_14nm,9121773438,1,909.571,214.816,8.93,4.14,909.3618467003107,215.36608964204788,8.953377007119471,4.045203596003701,0.8640222549438477,3.7437360000039916,910.1330904066563,215.36608964204788,0.009210000018356368
p193,D,1,dram_wide,9121781357,1,791.526,784.643,10.24,4.68,792.6517812350066,785.4067193120718,10.214813993333898,4.336999663504332,0.873555600643158,3.962877124984516,792.2185359299183,785.4067193120718,0.009453000006033108
p194,D,1,finfet_14nm,9121789276,1,254.592,872.084,9.13,-4.73,254.6919363439083,872.6726856529713,9.154441421072953,-4.6321946059944485,0.7904451489448547,4.169641000014963,254.60639369487762,872.6726856529713,0.014017042005434632
p195,D,2,dram_1x,9121797195,1,313.91,684.893,8.49,-1.65,314.2233368419111,685.488931841217,8.443505865099485,-1.8603692129963827,0.9362640380859375,3.705382499989355,313.8757449090481,685.488931841217,0.01597129099536687
p196,D,1,dram_dense,9121805114,1,525.026,909.908,9.53,-3.68,526.0429753065109,910.591399461031,9.523282005675426,-3.3947377530014298,0.8020323514938354,4.272294291993603,525.9103497564793,910.591399461031,0.014306249999208376
p197,D,1,dram_wide,9121813033,1,505.681,242.739,11.66,0.56,506.00586465001106,243.2307204157114,11.630196901586768,0.4800293254974345,0.9123325943946838,9.583168499986641,505.89889097958803,243.2307204157114,0.011695749999489635
p198,D,1,dram_dense,9121820952,1,909.37,324.927,8.93,-2.99,909.7426720680669,325.3520818352699,8.958899133456471,-3.0413302244983598,0.8934704065322876,3.9319422080006916,910.0214007217437,325.3520818352699,0.01467545799096115
p199,D,1,dram_wide,9121828871,1,752.74,839.019,10.4,-3.45,752.99446362257,839.5529340207577,10.450966077357066,-3.4275534829989067,0.8669186234474182,5.321077875007177,753.3025667518377,839.5529340207577,0.01086675000260584
p200,D,1,finfet_14nm,9121836790,1,568.396,834.996,9.75,-1.8,568.4600649774075,835.715472817421,9.811079407237006,-1.5390096630005887,0.8880874514579773,4.900280791014666,569.1812540888786,835.715472817421,0.010877833992708474
