pair_id,reference_sha256,search_sha256
p001,243f2c065caec21bab1fc3bfd2b31321aab3b9147a686f49dddbadf1a453d9e2,d4001d3c31c1cf9ad7bdb77201ae795a826c1e6530aa45b7e342cbdf02a505c8
p002,2e65f4c27eb094761d4f934ca38095ccbcadf244593a3e37fe836c5745973179,34a88d1ba9469592945e625426ebdbdb3fe9a46551d63afaa1e9527cdd4877a0
p003,ac64c142962325cba47045ef1a230bbe0ae5b9932e8a70ae2e6d91ec5e9c3d06,398ea40c16b15f0b45405beea8ce89bf1d3b63f6079d4eb42905d7beefdad278
p004,9ce54276e3082ae175d3f3d7b1f2c721165834b784387302ed0b9a571b5ec035,2ea7e35b42d718624dfee14c06b207dfe99bfcb29e437d1bb911ad8995fe326c
p005,ad3c8796de36d64b11d6588e9e22ef9b9b5ee99a33de9ffc2270b857011b8df5,31ef20ea5016db8edc6a5a1fce6f894400a5a741557baae8bd3f459e4a91eaeb
p006,ba59e8d73af4f9c6aadc87cd5f19c874f8f5550bb58238e8728dc2d685a3d1c1,12f14eb1452a7f77594d31e7b3c9d22041c5a0b1e940b1cb290ec0cbe0859dae
p007,6f60cc2714c4edd592c23c348150d813acbe2ce3177b0892e6a690a21212fef5,015a9af81696513be54ebc3f8916e62f48bac022914311c222f82266732173be
p008,a1a47c62e1b72c7dca46b259191076d644160c9d0d82b7d989fdb4574061c0e6,f570f9a17616cf63c3ea55593a67ffb48b887e98a03a73756e72d01a5a17e672
p009,28ea407e201e6df9b52619efa50d3b7648354e24fd45cbd7033571cf738070ba,a394d9b06035c576e1f87e39a4dc9367eb4c9ca70fc6689e1e1e6206e922023f
p010,32ec3796fb55a86d4b1e1ba5a5ad7f784a3465c539b07a0832242b3b8a43e0f4,ea562bbf96b18a313d064adb3f8f396eed57504845affe7fc361bbd4a9549be7
p011,273c360edf7edab794cfd69ce6c6e07f01e627737544b1f0b61a1db399e74f46,88de1beb64626214191991a1ccc81773ff10d7dc4a33b0c49d527b3cc439dc6e
p012,ddd02dfd929fd138ad31e377ec7be123b70876f5107ad6caecb8394b7ae19182,9c1cc18b76a1f0bcc6d04a15e2a91469a852d4dc2eae65fc8b7aa45be0ad44c5
p013,5989fa3ae6757cce26463c0e8c696789c06be86d81ed16620f90ac072affdc3e,f54b0b87029ecc46038404cfcba5292ae52664f55a3ff9fce1620bfbce810b3d
p014,27a1fcea6696ed0f985714d582fcc9c5cb083ddf6775e8238d9f64e341b82e2d,941b02b5129bffd9661313cbd090238c9cc77a30c157462c85c71bf3c1624798
p015,1f35a81c742c2a95495c672b840883b4815327fefbb378eca23100b18837f49a,50b6750dbe6e2e71dbb607c00c78cab2af41aeda44cee6eef1268885c35015a6
p016,66b125f82262b832373cd3bb496af6a15428017a478cd375d1f87e35a046647e,c2c15fcb2fcaa2c07a80a02f510921487c832820780c05bb9b699a6ce219573b
p017,11ebcff8a7e047b422d6c95ee94436be0ee4188c6548375df61605e260d72c08,8b53cc59770a1955172cdb0be94dc89287b846427c08e79f5bc994e4a2980acb
p018,f1689398861b9bd37945ccc6de9f7e230e4072d16855e7ee86fb1ee54f1d5593,6a2c5a5c8c340bd5d0948a98ac0fc26cea1c532fee44b420f06504c5f806bad5
p019,e89f4a0598caa9cad2e705c927db1dee85560c7eef6a14871c4e13eb303accde,73f004cfe00750105af3473968eeb6f8f6baccd9586c48baea05a547ed82a551
p020,764741e542e227f4406725022059e16433f036bf570da523c0862739987f1ace,8fd8aad7af5b94b81939d1f98400ae93a55d0c0116d8849b45bc19c51c6d95bb
p021,99d145c15480d9104cc209be8305d0a53816fb0eb41f3687bd2bc5fc44e93c46,29a0c642f07d26f89e5cd82f0d922d267ebdc4532e574bba85d0cb505a4309a3
p022,6012e91af0bc9a44c4294562ee36476f91bf32b82aae4f5d1c589aeffdb12aa1,830cc135aeae1c771db9b0ee2aea20b4d9ad6867fa9df28b1c2836dc60d54deb
p023,8c9c2f832227ad5d63702c85d55baf8f055f35a18d323749a735e70959c46944,b80837f16ff52bb268f1a185536d87a2418653eb52bc10611af0ab791fb7665d
p024,fd851d19482576f1f5a54fd272869dd3e8d678400aa397a1ae9cc619205875a7,c15a8db980570d2e0b4aae3eb163ddb0e93330292662cb1b86cf3c48645606d4
p025,147336b95a258fd274c1dae193a9bd2d88eca8f5f21df2a07e315afe4721986b,8c36572ffda57910dd90acc96d046566dbfa1f3c4a71541ac03d87105dfa1cc9
p026,78826c5290a5f8e568a5bddac2bfad22bcf3ad1d953ea56346d3a288fb98aef7,39357504c92f7fbfb422ba760d83efa3ed35327fb45ed8c2a33909c49b6fd8f2
p027,56426e4400ebfe6b57046d109e21febcb4fbea3f63342ec0d5fa50a51993cd07,e6d0b6f6758ba30cf3e32d58ff48fc6492ebcdba5d71e29fa9a91aa67bf29129
p028,6d0cf12eb98f601e1aa829f4efdfccca9350d03a186b5c69d16e913b85cc942f,adb4dce001d8dd06ca316e8416177ebf2a625f3372cfbe170124d7626f3692df
p029,618577c9a1b80e6c58e666db0e945cd9bb010f74c42407ac5fe30cf27961b18a,5a61b0e58ce9ad311bd1ca863f60a363599cfaf0c1d900efbf650e81f624c568
p030,fd86be101aa38d26fe9e7c547fe28f0d15fbb3910ffa31b6415d5226e5098dbb,b387d54e52bec86165e3a896eabac36818c012c0253202925d965a5d3a84976c
p031,03d7682ea1d0215a4a35752109af01e680cf1da4e0f10a8f282a123986404c72,d135fa1c42753d3afdfa9c4e85ac82daa486641e24681d030004e837fc9c69c2
p032,0823abd4d8c927aff81e6240b6f52637023fdbd544187a46bbe54f7ac1dd1bff,45c614676cb0dd859dfdf939f5d8bf700b376f08a680c0601b6764bacb670ae3
p033,0a65cf1ba1b701685c0ec7e880e15af5959971b046d331962c48eef5f509a336,5b6bce3b0873c3b9ca6eff34917a4664e5597b02b457409f955c4575a0031771
p034,64ffea4dccc6cea342df1726fb8c351e4536957d8705d682fc26d4235f587412,fd463dc3a71c9e8d90c040f5f7dbacb4dc6cbcd9041d2eaa03a3ab34a730a4ec
p035,034ec17e6349be0eb797a985af8f63e9704d37420c0adae0797ff42ad30a3345,69e7de427c2d015f04ea849e4955de09fd515b2fb43404680f17f18203c5d500
p036,ac78f298007f4ca4e966c56f3507068bc273743cc21bddebe1b06efbd8a038d5,336700a4afd58d23fa47a6245eb46d614624633a26d0e3ee344bbde6e69f365d
p037,6c014d5ae068313b8a8459f0b19b3d1b42a58e5b0c9464e0aa561e8dbf1ad908,c746b3993d82590654947144d0b39951aa928be013f579086a15b71a7713b4f6
p038,db61bdb0183f418fb8f40df92d576ecd223a4408c3cc31f1271ccda91a076494,7de974f7b8c744affcbfdfd1dc3003b21321272a15fa3340f931d7e61466ce87
p039,294090335f89f38efdb9c90dda7cda953f5a9e4377b639880ae13a71026ee369,7930b9cc72bed7d34d2d57a92120abed44a4aa79d37e5be340ac77d523ebf311
p040,c62f41d7624437aee3507dc46ac74f8012f96f3084416e94dbf2741a8cba413a,99ff6ce30d1d98b8a221b555caac73b6d6a790d668cbf08097e46c938dc869ba
p041,99a3d9590a8ef32bd979f768193e2933c378dc36fcd48f8fbcc3834bd2fb31a1,a6976298a48e78f816262d6c1f76e1f64d316e5293a33d0e746361dcf62720d5
p042,dabe19a5442cf680d50b272d76d1068931cfd676178fa9405b1a744f9625454f,3624b140ced26a293d531cee9eead66d7393634be67eccaa7a50aa0d5706039c
p043,6ab80ba5b59d6b7b3408f7603f2e9b322b19f80da20baa1619e42ff11e32f541,81d3a25698e5ee44bca8d952abb75f77f77578bc47f89de32aafab8626638d58
p044,b5d194ae5a29bc1d5e5384918a6daa2c28e32b9beee58d0361e65d2c04e4e0d4,64d23488b0239a632534a5671f907cec8eff3fa5f5c7961f53580f94c5dd4f5b
p045,8fa2cc79d4a8a8e68bca84c8d288701fd5337108905a9fb080b138602e8f9a7d,37331df74e1733f77199f5b76a68608079e7aa424516a4089f50d1f9a8845843
p046,5a7c09aa204b61b43e06c9ea133c92a07cf5be8315849e42f27f520136dd5ea5,4730b80169066c10729312c22274b6680f06d22c6dd1d0e6b41cc3ed2560366f
p047,fcfd1e624cdef78ac81aba920d202f10cd52458abd875ad50e4a28cc81bc586c,17b610e79c5f1b60380513fecd123060a923dc8a0a2b754d1311d5e3aefd8791
p048,f64aa8a1a03057440910b48c1175885c72fdcc5cabfa10b4ce2141d41ec6e2fa,0736e52532d862546ece1ecfd4b03a3257841acd0f52222c6d58656fc96e9408
p049,f2d47633fc32f23416b2ae6ca57009dac0d3021f3967552eb1ccad1976f4529e,4eaa26619cb2354aaba99792b660999739db3b26c9be06eb951d512df42eca03
p050,4248a9e5c84e0a20b09371d409dbdafd996b5a0a3f67f988188ffeae4a6ff0ae,288ec98cd387efc3a0888f6869495cba46faff79577dec6b579593d49e3f2405
p051,78f79a314a908ad28fe66a8dd2c154e834f9f14cdd1b1c8675814aea65599f09,c0c9f495841ddba74987e4f0e485eac6d2898b4a7e1473a22c5fd9e98f23d1c2
p052,54b078d1278f4619196a0984cead7844e074b631092fdd6b6a28b0ce455cab52,7fb4d0f8b9b747a016e859c7f44ce7b352419bc07b123bb34012c054672e1690
p053,84f1795aa38ab6925d3449c9bf204a3a8022c5ab17424286c94f9fd22b5c0736,d21da3ec57c741ca2b35e34c5ee6497ec3fb2200533542976cc1860f0ebbfa15
p054,e9ec18c4c8262efd69d19c5642354fc741fd9f98d6a2324dce61833c6183409e,1f5adf75419d24a1a161b80d659dd5956e899e0bc3b9f867303e1db5d9852015
p055,fd92c78651e97b00e622bc8a0fca7ab8acb34511a63c72b65a3c38fda660b73d,b7493f403cea14f241ccac17c6933a471689855a41fdf08df66fa622ed285071
p056,23ee7c0495b18ab7ff1511b37d3e6c6261ce656af6309f8bad8095ec7c65a697,ca59c8c8117a9b9fa26e575f105426ee5c59a90be3c7886dbd454fcab24cc58c
p057,d3c79a09917d904e87f40dc3c10f76eec8479295f634c7bfc69921cac0159fd6,293e3ca212c08c4e7a0b5ef2d41ea9e21e925abc25a3e195aa2ddd415a04c879
p058,eefabf6582559d0f8e07bc718a12b968dfc056f9920c49be4a40670ede3e29aa,cbb6e06cbfae86c2ea18473c78c2b9f8235b876bf4a9c70c67203c6e299d6682
p059,98d464042da3939bd825879ef6c59874f708630f38823f17699454be6ad7f651,f938d4a2792926b80768f2220ce24e55b3c74285897dfb1c9ca6984f9f65c479
p060,8f0ad6459be90b285c5184f3bb78bde8850ca37635f58a918c5dce2fd1b6c92f,f3fe0490b5774caab3697dc787ace9673969a032e13b9601738ab6b4b12b0e1e
p061,180a4909a58d74191575aaf7752890e33d07fa7499b55286361761ededc94ccd,adfcf769845fea7325c4f7c6295d09c1d433c3529f9674daa4ba19516c2b5489
p062,2be59ee887cdb9d2386d2649a31f062a433be5d7cb6704990783b2944cb507c5,26518de65f1d3b9bc4510a651203f4ab4072cfdad45de1960b56ca9b402b3e08
p063,87e8aa480c261809ea74b85a1cd54f32155365b45b7152fa13ebaa1485ed0acc,044178dc0165d71f5b093cbcdcb0539c9a8d860f3b12e6e6f7ba9e5900a409da
p064,2b5fa8f89a463b0264ab9f7c71efd0ec1d57193f3d917da5b2648bc7a3770592,adb149f69a41bd5a9fe48479f1e92b7251290857653aa36bbc4e94194b49482c
p065,79540aa496bd5fb1a13046d3b9c369c230a850cdb2dc72c8dbb246adcc207802,066bfaf2f3e9ee28c29f18ad9a920a4202803628ddd1bf093c574dc6069cefcc
p066,1d8af8a5035b4faa92446d587e19f253524a919712fc76b163f249e8fd011089,02d869337b494a47714301348b7830d55778cc1ccd0cb3322ead7dd4c49fb610
p067,df9986405786ad259b40c87dccfb1015b4c72df7a3de847c1dc15a4ea1b51c04,0e3478dee6887513302cfa9bbff96d657110edd2f46adb9a3a84e077f4dd7b18
p068,97fb428bd439963c39c6a71f3223b8665c00b10909d920315f092a4711211b37,efb7b29ef7e9f404a523fe8c955c56e1481dfd5dc839d9409e959dc213a7a056
p069,9886b0c8e0fa2be3ac26b87c6667d48d544c1ef186710d815b14d5bb2135517e,4afe3a80b3e39a0e426c36e74a5c7b2b2e61e27dfc7f2b215f1411a7c0b96a1d
p070,095145c5369977edb6497296674f4f47745e3fb7cdfadceae8fe9776f1c62a3a,e7c871bc62605fbcbf7bb79c17e4976ce52bc4ccd8f9aa79eb7a55c1eafc102e
p071,6011a71eee2911b28c997887506535c8413de990c1092ad4ab6a14358dda5f72,514202e8d655604e293f70427df6bef8b07aa1b7ae3b8d3494b4cc314b589327
p072,95d0a104da9ea7c3dd8dd02ad5a516925201c9f3a74ece3436553067926ac8bd,5653887beeead19cbb5f03233183037c36c8b0388e9c9520192b034fe9021431
p073,5281f5ad731b29ac656f27d6ee2902fccf980c0fa4daddbfe81b759a7132f944,6ee5416f94cf439dccd45bd04898072d0d919b3bbc88de280e5a0caeb4c881ac
p074,e43777857eb99d078f67ba8a052a71076399eff1a3513a891228d0541f8a1ffc,86b6c388962037e0e79685e85088dcf12ccd0e5dcf706cade0e5b81753108268
p075,3afe5576598d1bc3d3c7ec70a55cb350cf8e67f5bd52296f3dc302cf135b232a,ac52f1f1cc06f45e79af1c0471966c27c8aec56bae22bdf59c3583503ae481fc
p076,908fe30fd9df98a3c02b918f6bb8548d780a55c9dbd32f77105caef326f138c8,06d6dc219c6d498fc6923b86e34cf94a8483ff9c459e514254ef83d5f087fc3d
p077,1b44ea668f7fe805532079f0d82dc8b861298a413ec38a98c44e504490ddade4,69724d781a7dc299ace7b16bef0c12e5f63709d5b481cf21eb58b8c734bb9f57
p078,6cabce5dd8d8982ed7a1a201f9917dfe2d74624159a287d4cc90bd2b13af11f8,4d3494139d9d549dec2eb6468c19c77c131dce1839e098a5fceb4ed5ffe920af
p079,1c4fd3bb3af1704af13b6c51139edc76db0c0041867faec92df5c18223d9113c,95801d3d35d7f26fdaf84b6eaf55f619b163f7523af53261d805aee010fde431
p080,0359d9efea9b7228e69cec963802cfdc21abc29d6f5464dcef1084ba1e8da0a1,8a9927b7c0142938247a9133439ec9740e17638c5b95057fc93bfdaeb19ee115
p081,ab3fa9ce8267020a86b55ac18b81045f23750b3e9052a36f3544d8a3f311ebed,fd9ecce400be2d4c404f194f5e650ece4bc8e34c646658da1fe380bcc58f9811
p082,b4244e7ef2c3b0c77b23f66d17bef242f285d6ca640cbbf1452ab20cbb3712e8,d7060d87ddd0ce9f0d1e853781302c56a19544715ca92f5dab19f1bb2ca83ae7
p083,6324a2d8d8305d946d2c15f6fff9270f7ba3915294ee19bd8ae1b18308a916fc,38c59532186501b58ef62210c138368ac5681a6553fe62718b2104c096bec205
p084,560194d30dbbe8c80bb7149179861e6e9b1dcea4327b472b6e30aa31b41e8586,2964ca1821d2ce169ed464d06eb5eca64bfa7b7dc0504c8a3ba1d7302caf74a6
p085,90f500f495f6259f8f4ebf8f382a43b3272966d934c99f7195f040fa619d13eb,a6a5877ddaa8124386aee40c346e31c4cbdba7bb0eb82e51faee9a05e75d3523
p086,393673b0aebf044bf9f44a7395f82d889dbc4176cac3289f65eb84b702a4b07d,6298b82689501f774018ea35fcf9fbc62abd945130856c0fe5c20a711dd72aed
p087,fbf468a5ba124a927830b85be501a2960b723323044df873ba83727c03edbecd,6868b43497891704f7d92ac1cba7bb08e9f4bd49352c6030f8b70ce5a5ff7116
p088,3e5a0c6e669bf3e93df8221c8970806afde9b566f35f3668e6f2027bc021758d,82ffa601d5b76eea2540c0d9ec148257a1f58c18c178be5b9041673d580aa3f9
p089,3faafd00c2570211f30d02fe6fab4382c2ffbdc867a5eb598388cd73e1bf8928,c3f64da96923f5a6a06e0a9ab4e72251532cc8cc1eada129ebdffe2f7d891a09
p090,7316692708d2ab76fe89f88278ed995b36f8c150d0ceed35b387ec5687eaeb00,95166471e57bb7446fede3c3d8198d4e16e479665e0749eec0527b5ffbdc56c7
p091,7b702aa016c5c914f091fe62ee1902970880bc8bf21a7829fa763de370a6f5a2,b4c452be8868142eb4476dee41f5148ba9431ea4fb0fafb4e6701c9138134995
p092,d233ae4006d7997de2b5714248f6c3b96922af7afc589b0ba7422cb341c394e7,0b20ac3e6a86621fa56ed02205d1bde69c6a44da2774ef5a85b2eae5f95eb26b
p093,ebc885ac57ecde278ff29d9213fa8b451ca262123c6e455de7fce579d3bcef1f,643ac3e2a66a8c736f389251332be1ae6c187fadde545f51ac0973333dc746ed
p094,97325b03a528af29c39149fc02cad7cdbb3a3ac5c38ae4f2a7b73ca68e02ffe2,b837ac025af8b654e5602145630bef8f1c4237df8f84d14e38d6e06070c78dd9
p095,33f19e5e3e1a8cc5f4a9e2ab290fbb4f6ad1885d573764a93da1c08c65c72e8e,ff39be35bb0132861b0a7c86ed4cd5004fa81428a0ceab322bc0cbae2693908f
p096,a4518902d4b7fd0c18a720797e2a88a3c97442ceb319ff43087f7a97c2c561dd,4d400f1a377797ec0302e08b3101d2fd9c117147dfb0094340f1f9d8eb09f058
p097,3a888501b42fa3cf05e1ca59b88502350f38cae42cbd557ecf5ea865291286e5,e76d556f5bb957e8a2deb8fe2ab396f0bf00067da33f0e0a9958ecc11a3962a1
p098,86856bedc87c021b6cbbca44bae7b3a918a55c4225caf2247c2d2a4985d7b397,af7d46574802215a4e11df8fa6b611946383871269ad7af4ec5dca49a9254588
p099,b137c3abba76bde37db966f0a8e1f84aa6ede3eb347d2cbc8e3313539dd71505,84664134b1004260586321e1d48a821f5103d54a17109ce00d50cec3e54c2622
p100,ac1506daf87e59d9da011235f109a762f2135ae6a6c9d78798f5b656555d3c48,6180f23c247121f7db12b76a2c2fb5fbaa1dcec326858e284b07e790c237f757
p101,0f24e0c342e09fda2dab4b5a8c90018919ee5baf4c973403af8c6a9af56b4e54,ece1959f465180f4b35c262b07f549cfca424d94b65199ea7f32026ee257bbaa
p102,98dce03fd7f9c7e7402f00d7d167a19f37d690597799fca71d5cab61cb4b0ba7,4afed8743ae63d46f33e05c8517d68a82c53718603f028913c00a1346363edf9
p103,fa479d254a791f3c9e217a4cade0d3706dc99802f2d0d10922c35e0c6b216c2d,10d685f0ce9248c945d18cdc41e05f8b0ff489f1a3cc9e7754fa9a23395226ca
p104,58c03f8bda1da9f9111b6f4e67ffdd400da1a8bc8585048373cad1a99ecac0b9,ad971426e2ddc27718c7c624009f6ff58f64a6dd0d4130ebc48b3a754ebde3f0
p105,1d9c699b59dec9d60dba01fe7e79838514b00a5b9a17ef198ed12b0d1aca2201,4714f99a489480308f67db493900a0373a6910becbe94df83ce5fc5ebcb15ba8
p106,1f1e659329d43b79285442d7ad65263cd043d7b9d6292b1861dd970de6251756,e59356b318b584e7a0d7b09ffc846770c1c19507683446570ce01a7ca7500a21
p107,041e81d64a771b5933b99efabbcfaf0af03e08ce9fdbc1a737bd0ab88ab18b74,d4144623f34e81032affb744cf45f6beac0ceb60aaed773a423dc165ea519009
p108,5cc6250b51248da21cc3a657768911c9eddf84a64aa478d4237649d47b639238,2a05835abb3914bb767670b4992d9c9073c0cb4a5071b33817f17c9cbeb53835
p109,2207f32a62061be7cfa3d108e85973850a35d40732b0e54fbb5c9463a18c03b1,49e9f6324765ecc99b79bcc58a12dea46594cc42ef54dd9340f697595e25e3e9
p110,b6eed5ba38d4536ccda28ff2c1a32d685eb3c13f40660a1281e485f981f3e5ce,b4594d7488a1cf85cf362a8e2d8c4f61180d1324723c8d47ea3a2ace9d1df212
p111,7388565ccdbeb1dd6b67e6bdaf301e238ced74a214623036a12e3d430d435792,011a652c5cf27de7b263f1de654d255151abf4bd2465d4172f05872a1730a2c9
p112,13d8b3108d5e616949f2a08de5bef563efa486c2e6745c9603a511cd1cec09b4,2264a89ba19c2091a5a3691d323554094625e3b3d58172bcf2808049c3fca3a2
p113,9cdf2aafab1f268f11d842bbceb73c44c113a16a8879adff53d2f1e1efe4a112,825eb7ffaf757d4d45c9e33cf48a8d2414fd3f17ba9c65eda4bd927bb52ffa19
p114,0fee9986b42d394a38f514faa748b27cf5cd7e795ceb1c6abc26116d8abc8138,f96702e95a5f91eff0f1a695002c015c46700fd7a6977e95792a7d89430197b6
p115,51a622b4c572fea4a493b6cf1182f4faa102153ff894665c55d7d7e00239d938,46fab0f4ed54c74abf6cc3561cfc3e0b68c69662b05a999a1b713eff0006aebc
p116,fbeb920d8a9b288fdbedc4b0b9e187887f05586848208ac10dd1c3200c6da8a3,ac4d220be3bd4c76b6abf735446d115d4630e1a749ec93825fce96cd8660bf15
p117,6911a881c59e0e8a6954818eb460fc4da1596a75a4c27ce6905ebadca216445c,e3b89eee58531cf9346ed06a9875bc19a5dfd5b3c3ca8eeece063da3b91d8f1d
p118,ab0da5af2f9aec9a8a41daae9f55162ce20780a037fa8a2f5031ca1dc660e720,0a2ef1eaacb9319ce340382d0ad2f32c10ddc64e419c1b9be6d6f7e7f3a6224d
p119,5c46ecf90015a833de4d64e32aac9759d027858d280a00a18c3d0a0d29df8fce,6661e350e0785ab8e9a937255bdad6f36b4248a4498709123a8b095e683bf906
p120,b5a226662ce330f8db7d0ad84a05d279535fe296cee79ad5066fcbc6cd0aa919,8426afc850d63ef3cf53c37b5c4ccd893d56760d0f7dabc4486e85182eb75c1d
p121,bcfb252bdee68b4b5d3fb446dafd5bc2efbc98c2abfcdbf2a9977791cbf28a8a,8fed66212279858a2e021a77c829c36d351132aece9c8ec5499b08a24363d296
p122,bd0d189fbe08491592457551c92181e1095b2fe75f2a936a389538f2a2e4decb,627365c84fe7b770b98d1da5824e8c5ebe5b94f9dde9a339684a20d183cea770
p123,227184e8c97cc7debc4aa1247f08e98ab5ca60dc462fec8db996e923a21d1820,812be7a8f56936f63e972cf1cb2979b6eaa239304d659921dac1271d2169fe51
p124,689a964f21500f7aa656aece0fa79640bbf46a53e31544be1ca85acf9fa7288b,4407142da68514bd75f428af34f124920afb665b1e448a99ce382bf15b72e758
p125,8ddedfb205173ec263af01fab6e21cb6a2dcc32b929c9e681aa5e8a976c9df86,292bcf2396ba737f5244d63eb0e5a2f322890e115487c5cd0748cff6210a5c81
p126,f6c04ba89face348b8670cf5dd09fc7e24248cd3477112135e1ef5186e58bec6,a2a0bed53145ba77261c1ce447e8dc27b55bde4db12e6797aa5202cae061536f
p127,d13dcab1279644b03b80e6a38468c1949ab328e13a7a9949e37efdf7a7865050,fae9c04cf1231887f6706c52adcb0c4a1ea15d6f9ec5fb52352563ddaacd1364
p128,c194d1a917fbd9488e8ad3931de9e91c42a8d8edce3180d7f18935d0bb4f9851,4e8afd7233dd0635984f86504ce98c4402fd13a2137d49da466d42eaef7d7469
p129,6578c6b595137f0edf51189f81f16b9e6ba2c78952ad1d8a889683a2cb3ea7ab,f64387973cb043947517fabd04fb1b572333e675f81a2dddfcf7c70ebd533456
p130,9fd8046270ce866a291d41dd0a4d19dcfc94630453d487905de0987d681852a4,17901773f1fc063b03d515580f86c8e1d16a4e0952f408786073d390572c32fa
p131,8bed8873907fee2dcdf97e547b2f8348fe8b1897e93be66bc2433eec561acf35,5054cc99d66e0a045e93324b2b8eb3c24e64703676dca70638545b1a531c846b
p132,01a6994119c5daeb69311a8ca13e0df199e88bae1c25ab68f8d0f5a90ddd5a75,04bdda904816469eb69f14dfd6ac12e1de5ffc11002a908a0112190b9f484526
p133,aaa89586ac257dabd64cac24f787e9182e9648aad4ed907bb1f0eac741bf6bab,01b633289767bbaad6220e1e4711c34877eb63e58e27d928758cdcfea5f04355
p134,b4fca4a5bd19dde6ebc360a05ba0a043960cba4a750524767384e5d6a99f7f35,fe296216880381fd805cc4151de9e250f647e1fbe106494d6d111249d280cc0a
p135,f0695180bd1cc7d5489d13238b48f74fd6eedea65e4a79f2409c3745ffc931f6,877fb35f36a723a50758daf11dea414ca363fdc621fb1565cc6e8026e9f7a8f9
p136,d99f54d3625806309d5dc8d9c279c495e4f0b11cca5989b8be253540a37912ad,1bdf6bf0beb5debc5152718e0026426bc533b17ecf0bbedd5cb2d084d25eec2f
p137,8962e1e44cc2d9dfe33c7f1471d7cf49f1a351531664660744a95d10006cfab4,7cb13c14dc8fbc2749f93c1c6859a60d2204284a60f310fa6e20efa798a26960
p138,9616e2d8df7ab01a493069a284eac83d67b20758ce6e0af9f1d7682eac24cc26,f61b9a23b92b28d80666d9a79ee6dd107e3ba90bac43cb4efd9e7bd64ea992b4
p139,5f6eb105a32b1d91bb47d0561309201bd556d3b5c7fa0524c1a1de691d748df1,80e8239b102ddbaf1fa23b61d915940e334c683d295440ead48d3f96c1d9d1b8
p140,d9bba3927895d655398e6b04bc07a26dbefd21f03a318b281791fb1da8ce0f56,3e42f49467e7d0d9197b1eda3df52a6db4a69f0b477d0938cf081efdf8612e86
p141,1b0e45f54fdf4cf01f30c5528be6ca15776aabc8242d38c0a0a7ce9c3c855ce2,a0ea9b64327e76a20efef21d2ef2018a38a28738558774a69f13c1d017c2a4a2
p142,7d1fc75466f69113265a0909e42319a8831e709dbbf554d60246e29f6087f984,ef74e53c98b8f5983a8ce4e71b0080d0db278d078d71697aca8fb705a23d653c
p143,0b9beecbfc57394108b5fdd713825fe28c5f1814bdeb3d65225ecac12fe3d7bf,613ebbe6713c8015cdd9cfdf498e9932052400124b8236c07013770b6f257894
p144,0a172429a15661a50db1a6825798cf146943b687c09bc29c2960731f41004f78,682f9dd188c2a254dd9d6ff42d365b3012734f4a6e1f3f076a00876321f6ec64
p145,6b6a25e5afa90a1a0cbb00d4594153c9ca44a366a5cec5e9c4396728f1ff803d,dafe2964d1390a983b815fe7546094433e108d6a499d20e60af251d7466b22cf
p146,70ba310d3bdc7c4a249a9842585afec4e3da3e634361efefe8e473d33f8ff111,95527053521c107d70d47486cc1fe2943d7b23292db86a9252ea167670941859
p147,3b079af359a94ed700d0f10206e7d37e74f38c29793d475c831e4b64a647f330,cefee1c7c8ced908ef2856ee6cdfa8a606394920a7f655bdd27333fa5d2ef4a6
p148,01ede27fc0b02193947b3ec399dce7728beb833fcb7af8273c08ba29544c2b05,a4f6a83d1da023c36cd3dd816af8eb176cad3484afcafe0579117b39254847d1
p149,8e81a06c3b299c9ad295c00f9bb00352db1dcf01e005c4ff795493ce38a44d2a,2cd751aae5e43f668b0f854c3e7e09400c2b92b8effae9a38a011744facfea07
p150,b03ac5957c5d9a9c35b3871861f85bd0b354baf250f90779c53f4b7195691e4b,4f356cfdb1910435eea5ab82e22717bd2dacdc5dcd26958649b0f7b16963e6c7
p151,fb91528bd5ebd9f8bb5c24b599e1b938a791fcde2749a4bd22a568cc4e9b0d6b,e833d2c5f2f48ddb6995b6fc6b13f7bd32f823b16f82680edf9ef1c11e1b769b
p152,aece031d644efe4e7b4a5929df2928f98f194cc5cd561127a1ccd0efe2e3e2f1,5fe27733b73c7e2a8edaeca48cc506e59b8d33884db3fb1ca923eff5c225aea8
p153,1565fa004a963eed719a90d0e5153106535bc25bbc08a8505173bc9c36f2f71d,edfcd3a11d7e8cf381a58db8ba8e5b32ac474210215bdfcab85f9f1029821b48
p154,1ea65ecd6168ab260b9fc7eb81ebdc52814d491d727152c4fe3a98f318061067,38ed66dce80ba5c660e1a733ac933d0840549dbf431e406709f33164b21e88aa
p155,a42ab839edfe115f56505e75356cc912ef10059ac3a5c5479145cc63fd46c322,a1792171a9ef671d3606531d44c9add8cf6542f37d82946d8bfd54f1d3067795
p156,1915a7a418953bd9e9b3ae43ae96c7367c997825e87ef54a46418ba40eeba9f6,1e0f0bb9582363a5d4a8fdbe9718088cb03e97a002e72527ebd513dee6190dd7
p157,3959c4b4dc6772b6571d6816e7550ce34fee0162a8e304769c2e9fae91d47960,f3c984c6813236659527578554a3bcbdb166f2cbd344dceb537878ff99b51821
p158,e8a974f14b2653865e374c96e8c0020f38467ca4e7d5c1f63c7394ea5772e58f,fd52bf260ba605865497794b2747455f673ac54d81122470d0b3b74adae5f2a3
p159,f9fe147db2c3612f114fe0c105365cdea45796cb56a5c5ff72b362ddccfbbddf,4934d5475eb8424d79ba9dbe1f85cdb5eba628a30f58f1a6056972397dba96ce
p160,46fda7ce6e12e579f31be71d61040d3fa7b80e1d5bcc6483800425676754eb93,588ab204545edce7b16c7affe29dc800a00cecdf11b1dc909c637628e8bff13c
p161,476935c67d8de1a8708e86128745ba9de6b585a9102c0a50c0da00f47fac96ee,fcff918176f44d171211a7c572f76a0534b253e0ac0c260f57023d6f6526e6be
p162,24d1e6f178e15b28408b95705f73c93088f7a06c780ef292d1f9d686d7ef0976,8b6511428ce2b16fc53beb16bca192becbadacd8c1e5b49afc16370438466b42
p163,0185c30b0d86bd669914de0668c9b01c3d6fe1141decd06b8b526fd38432afd2,04dd849eaed66a6d7cba93afc499d409eb6e5f344c0ff6d0957e67b3f767ff8d
p164,a581804bb9606e216a7be6da4b9e30ab1d40687dd40f302b3f4d72b6d1a0aecf,64cf083a1c706af535f934aae3733f91182fc40d6549eed3b1f9d9af3078d4af
p165,ef72dfa478f4847d1368f74d419f665f1f9b9b49478f7462d7985587d4129dff,1e1e5e6eefae1114bdff3688ff29cf06975aff2471a7fa2a947f7bd5189d6664
p166,5ad34f5dfdfa51ef799e2ad27a4b512ae738219b04147786847a072517b00a40,d2ebed9938d327614ce290e5945de0d7d2d1247a11b49892e1226c113672ba7b
p167,f24cd3ac3235524a82fd104bf4bb6337271775cad08cb6c3c932567a7f4fe140,87cc4ee2a04a4bbc2943abac913dbe0d2b3366baf1ea65d347e5baedb4c7c9da
p168,a2ecae78674bb7861d4f9381202267b635cf5f7e27e90f0e94247ff911f2b780,fbf87557bc3b75373166ff4e189419a4d57e55494166e06b84dc08661c971f0c
p169,097419d35f266bcc5817f607f2d5d0c2908a62c808a6ee8ac6121e72c1d41c7d,a41beb15c21c809634e53ece4a473198c18f75d1a9061afb3514566a3b6fce8b
p170,6769c59df0e6d511c8b7d52a22744fa2633f680cada55a961f19f061da1c121d,9d5a1738003df91f260894f184c712f25086068b7bd04c07f89976b452da3d89
p171,15b5f2c26f23b23cb245dd268c5d40d1fd414eea77691c78500108f509f62c95,126f5c3ce1f16f3ee47da89eae8e1b0546fb3ec1b8c2ea98df75c6b886b7c3f8
p172,3c172c3fcf58c632454b7a2b9d5327fc2fa12110db4297f92764a92d34f05b2d,16f346754a3a9a2ac4ad999a1eb5314a3972ed55aa1a5d1a5eb3079fa1f87a52
p173,f8bd41d6d714d7e4a248a1f499210f91c4b003ccda0b51259c22f4d7eadc3fbf,614ce2a7e5f1353fd323c64701c2c267b723f253801568c6d317e52011cff0c6
p174,290139a0c7a2f2c034dc3d31dc000ad01abfeb0c842608e2c2a6efdf5ba68c4c,b411eee8502623a6163947c1c986456cb36b630571161abe66b96f1e758e3457
p175,4619343d88aec1b82ecefe0722fef9a727a6e852338b4c0e8d091572dbc1a466,4befb75417086c461393d31ebb8345984187824a4085376600e6cf467e2983c7
p176,d139729319815e8679c7dad2df8db0d26e5fc0a207beeddfbb5d9ecb71492ae9,8a770865ea3511e09f3acec4075d48674700f2d035282b0f9fb0947e714c5900
p177,0231cb2b927f93d427fcbfc51642076012559ead0e6fcfed4a242d46030c28fe,ba4cecb94aed16cd51bcaa27585c0e477ca4b87f31e42ef5ca6b002d64ec7e2f
p178,95e394658fa06cc43cce4008b3bf9f0500ac4ac02bb0a96342b8892a63a77282,4323bc574fe928f1a4555222accf45751b08792d1f62263ab3bb89d9a28ceea2
p179,c867fb3ce91bfbd9f735b02964c4e7bd02a3039af79e070469d7ce431f6219b6,b6e7efb9a1713afaf4511fbcc29f683e2f257a9164f913598f6e7976ffeedc2e
p180,88163656333852f09875327eb5505af588b1c477c2e35bb33e55c49d5593719c,689d479e67f43df5430a26f689cf7933929ef9e36d60efcc70c9ff660c54bb42
p181,3ef698fb5c0e77a854c6b4ee8e6cea8d9b00030b74561e2bd9155f35370e57b8,e852e42ca4bd6ef82b986e6a8f491067465e6a65faf333ca2270a1913cdba345
p182,1c7a60b5e9f8db48d15a8511ed8789d5d05dfae9bb08c6224a2d03a472352bb1,673d862a65e728de854f6de08c97e7c83ae875cc4844dac78268b783f8ba2011
p183,82c70d65357c8c7f6c36eeef63d58bc04f620e521359839633e9684aa449b49b,c84be9406cbf98cd790f0ac88e0caf56aeb1c480752bcc4b22ebe9a4299d92f2
p184,c14ee9d05404dd38b16f5a584a107f362cb7b12e1af9f8b58c7e2241f62d041a,ac0c1b2fb3b7e636f0b76fb4e4d452b17f04fa3d5f07f4853494863610eb1734
p185,e17896337144a83c157fb5bc157b135ee8eb6c2fd1ce70823d8a89b235a230eb,1dc5cf25365482b6c4dac568f599a8ce10207c65a51774dd224262046a10385a
p186,d015970885226a66d0274023f24ceacbac0e8c64db2ae61eef0c49251071266a,c2b11699d4acd81e67c2a8a332164e87a25b1f570f721fefafb4f4d029160ac7
p187,02aa42deb927c525eddebb9e6b75c2bf021215030ae9c12e397f66ed64367e6b,30f91b478d284b55615c31c8e53a95268ff2b38389180cee7c0e5297ea61d30a
p188,8a810db7633d35ac72d25d10aed5ecc0b4c9104e07bdd4ffbd003dc92ce3bab2,be147610a775b760623c12e320e39db1936cd4ad8bc91aac384e22d5ebc930b1
p189,b5fac61ce0eebae3added1c3015c44e4161951828b5fa05b9934f3cb4682f2e8,5c880aa20018400676ffd428f2c4d448e00c28275d48255bbf7988fc385436e0
p190,1f21e44dac7c73d0779d8d4c608e685cadde72eb91a0362c7ac1f7cd02757b8a,49223512d1b359960ac775e67fc871b4595697f05362372c57e35388d325e5be
p191,bd61c5824dd77afb8ff3d5faa8152d8725b3be77bbadf717e68a04342fea2807,94af8c25750f55d788c9fad6362697ebd1d60695264f535fd8935839e922a992
p192,f7763f312d41ced6e06f1a2f816e96bbc428b77b0dfc5e3a952ec0860eeb6b0f,5abff24286ab7e70b5d535548e15fb5402fa65951ab5f4c5faa42a2df060c0a2
p193,d99d92df6616eb3d1e1498ef280da9161ac054d0bd1685259b9bcb70e18b3da9,45485737c93b05ea052fb7606dae882edfc2e8614d3e635b2b46ffd4e5896d75
p194,01384d4d1a995d4e0768652196c56abda38d1ebcc0e3455729f663e71bfacbbb,b233218ef7cc087f446960ed96528719a7ff80ec5a82e9bfc9795c6fe841806c
p195,29023acc64cded6bb8774c7b477ae763e3d8de0402effdea57c62d5ba0bad485,f357bfaf0ebce021ff9518373d3b9f64c79d67b9075a9ccffd02a0658810db29
p196,401c769b929e030566a33487974666bad199a3f75d4621ec096d55bf63eb776d,f045eb5ac4a4574c09f077e64407df1248f75d55a13242481759cbfde7bafed0
p197,933e80d90897e017638f91ea1ce6db663e86cf25657b3c8a694425429bc2d604,7db6f838e5bdb20dc1f6171143533fc3e49fa092bb9430dc8e0fd7d8ca26854a
p198,aab9067092f028ca513249545280f9c844de31ea25899cec59e5809a7d8f0fd2,c5df34c97b7c38eacd75a78748faebad6157ede9627af6d202e20fb3dd0208ec
p199,dad98d4c0818f4f5babc0f49dc5a1b0c0e86fd12f2c4ac0be6cce71693031227,525619d988573b3f0170bfbe60860dc3d4b946ab0ba5a6b62dffc14fb8ed9f8e
p200,a38be6bb378995c9ea586d811475cdaff005284d61e005de9c2cf41f36dfa3e7,0a0f7bc3e8a3885106bd0706a9179ebdc1c34c610c8cdb370c2388646a4738b2
